LV1,SPVolt,Output,Date
0,0,551,2022-08-02 17:46:36.324784
66.88,100.00,554,2022-08-02 17:46:37.308841
71.49,100.00,557,2022-08-02 17:46:38.308898
71.49,100.00,554,2022-08-02 17:46:39.323956
75.27,100.00,557,2022-08-02 17:46:40.317013
82.51,100.00,567,2022-08-02 17:46:41.314070
85.47,100.00,570,2022-08-02 17:46:42.314127
88.21,100.00,573,2022-08-02 17:46:43.324185
90.50,100.00,576,2022-08-02 17:46:44.324242
90.50,100.00,573,2022-08-02 17:46:45.324299
92.25,100.00,576,2022-08-02 17:46:46.309355
93.92,100.00,576,2022-08-02 17:46:47.309413
95.11,100.00,580,2022-08-02 17:46:48.314470
96.88,100.00,580,2022-08-02 17:46:49.310527
97.55,100.00,583,2022-08-02 17:46:50.319585
98.07,100.00,583,2022-08-02 17:46:51.318642
98.40,100.00,583,2022-08-02 17:46:52.313699
98.61,100.00,583,2022-08-02 17:46:53.309756
98.73,100.00,583,2022-08-02 17:46:54.323814
98.73,100.00,583,2022-08-02 17:46:55.313870
98.75,100.00,583,2022-08-02 17:46:56.308927
98.74,100.00,583,2022-08-02 17:46:57.318985
98.70,100.00,583,2022-08-02 17:46:58.314042
98.69,100.00,583,2022-08-02 17:46:59.314099
98.68,100.00,583,2022-08-02 17:47:00.314156
98.64,100.00,583,2022-08-02 17:47:01.324214
98.60,100.00,580,2022-08-02 17:47:02.309271
98.55,100.00,580,2022-08-02 17:47:03.309328
98.56,100.00,580,2022-08-02 17:47:04.313385
98.58,100.00,580,2022-08-02 17:47:05.314442
98.59,100.00,580,2022-08-02 17:47:06.318500
98.65,100.00,580,2022-08-02 17:47:07.323557
98.67,100.00,580,2022-08-02 17:47:08.318614
98.78,100.00,580,2022-08-02 17:47:09.308671
98.88,100.00,580,2022-08-02 17:47:10.313728
98.88,100.00,580,2022-08-02 17:47:11.308785
98.98,100.00,580,2022-08-02 17:47:12.323843
99.22,100.00,580,2022-08-02 17:47:13.318900
99.28,100.00,580,2022-08-02 17:47:14.318958
99.40,100.00,580,2022-08-02 17:47:15.309014
99.41,100.00,580,2022-08-02 17:47:16.324072
99.41,100.00,580,2022-08-02 17:47:17.324129
99.43,100.00,580,2022-08-02 17:47:18.314186
99.55,100.00,580,2022-08-02 17:47:19.313243
99.59,100.00,580,2022-08-02 17:47:20.323301
99.61,100.00,580,2022-08-02 17:47:21.308357
99.70,100.00,580,2022-08-02 17:47:22.326416
99.73,100.00,580,2022-08-02 17:47:23.320472
99.81,100.00,580,2022-08-02 17:47:24.308529
99.81,100.00,580,2022-08-02 17:47:25.323587
99.86,100.00,580,2022-08-02 17:47:26.318644
99.86,100.00,580,2022-08-02 17:47:27.324701
99.89,100.00,580,2022-08-02 17:47:28.308758
100.00,100.00,580,2022-08-02 17:47:29.318815
100.04,100.00,580,2022-08-02 17:47:30.318873
100.08,100.00,580,2022-08-02 17:47:31.308929
100.13,100.00,580,2022-08-02 17:47:32.317987
100.17,100.00,580,2022-08-02 17:47:33.322044
100.18,100.00,580,2022-08-02 17:47:34.318101
100.18,100.00,580,2022-08-02 17:47:35.314158
100.19,100.00,580,2022-08-02 17:47:36.308215
100.29,100.00,583,2022-08-02 17:47:37.308272
100.29,100.00,583,2022-08-02 17:47:38.313330
100.28,100.00,583,2022-08-02 17:47:39.320388
100.29,100.00,583,2022-08-02 17:47:40.315444
100.16,100.00,583,2022-08-02 17:47:41.325502
100.09,100.00,580,2022-08-02 17:47:42.313559
99.91,100.00,580,2022-08-02 17:47:43.313616
99.74,100.00,580,2022-08-02 17:47:44.318673
99.52,100.00,580,2022-08-02 17:47:45.313730
99.52,100.00,580,2022-08-02 17:47:46.312787
99.32,100.00,580,2022-08-02 17:47:47.316845
99.29,100.00,580,2022-08-02 17:47:48.308902
99.29,100.00,580,2022-08-02 17:47:49.308959
99.29,100.00,580,2022-08-02 17:47:50.318017
99.19,100.00,580,2022-08-02 17:47:51.318074
99.10,100.00,580,2022-08-02 17:47:52.318131
99.11,100.00,580,2022-08-02 17:47:53.316188
99.04,100.00,580,2022-08-02 17:47:54.308245
98.97,100.00,580,2022-08-02 17:47:55.308302
98.92,100.00,580,2022-08-02 17:47:56.318360
98.94,100.00,576,2022-08-02 17:47:57.319417
98.92,100.00,576,2022-08-02 17:47:58.318474
98.92,100.00,576,2022-08-02 17:47:59.323532
98.87,100.00,576,2022-08-02 17:48:00.312588
99.15,100.00,576,2022-08-02 17:48:01.310645
99.23,100.00,576,2022-08-02 17:48:02.322703
99.31,100.00,576,2022-08-02 17:48:03.307760
99.33,100.00,576,2022-08-02 17:48:04.317817
99.33,100.00,576,2022-08-02 17:48:05.322875
99.32,100.00,576,2022-08-02 17:48:06.307931
99.36,100.00,576,2022-08-02 17:48:07.312989
99.41,100.00,576,2022-08-02 17:48:08.313046
99.44,100.00,576,2022-08-02 17:48:09.318103
99.50,100.00,576,2022-08-02 17:48:10.319161
99.53,100.00,576,2022-08-02 17:48:11.313217
99.54,100.00,576,2022-08-02 17:48:12.308274
99.53,100.00,576,2022-08-02 17:48:13.313332
99.54,100.00,576,2022-08-02 17:48:14.313389
99.54,100.00,576,2022-08-02 17:48:15.317446
99.55,100.00,576,2022-08-02 17:48:16.312503
99.57,100.00,576,2022-08-02 17:48:17.307560
99.55,100.00,576,2022-08-02 17:48:18.308618
99.61,100.00,576,2022-08-02 17:48:19.317675
99.58,100.00,576,2022-08-02 17:48:20.307732
99.55,100.00,576,2022-08-02 17:48:21.307789
99.49,100.00,576,2022-08-02 17:48:22.309846
99.48,100.00,576,2022-08-02 17:48:23.318904
99.48,100.00,576,2022-08-02 17:48:24.312961
99.43,100.00,576,2022-08-02 17:48:25.313018
99.36,100.00,576,2022-08-02 17:48:26.325076
99.32,100.00,576,2022-08-02 17:48:27.323133
99.29,100.00,576,2022-08-02 17:48:28.308189
99.24,100.00,576,2022-08-02 17:48:29.307247
99.18,100.00,576,2022-08-02 17:48:30.307304
99.17,100.00,576,2022-08-02 17:48:31.308361
99.12,100.00,576,2022-08-02 17:48:32.312418
99.02,100.00,576,2022-08-02 17:48:33.322476
98.95,100.00,576,2022-08-02 17:48:34.307533
98.91,100.00,573,2022-08-02 17:48:35.307590
98.91,100.00,573,2022-08-02 17:48:36.307647
98.73,100.00,573,2022-08-02 17:48:37.317705
98.73,100.00,573,2022-08-02 17:48:38.312762
98.66,100.00,573,2022-08-02 17:48:39.322819
98.79,100.00,573,2022-08-02 17:48:40.307876
98.96,100.00,573,2022-08-02 17:48:41.311933
99.09,100.00,573,2022-08-02 17:48:42.309990
99.41,100.00,573,2022-08-02 17:48:43.315048
99.57,100.00,573,2022-08-02 17:48:44.313105
99.79,100.00,576,2022-08-02 17:48:45.312162
99.79,100.00,576,2022-08-02 17:48:46.322220
99.79,100.00,576,2022-08-02 17:48:47.322277
100.05,100.00,576,2022-08-02 17:48:48.307333
100.10,100.00,576,2022-08-02 17:48:49.307391
100.10,100.00,576,2022-08-02 17:48:50.307448
99.98,100.00,576,2022-08-02 17:48:51.307505
99.84,100.00,576,2022-08-02 17:48:52.322563
99.73,100.00,576,2022-08-02 17:48:53.307619
99.58,100.00,573,2022-08-02 17:48:54.322677
99.50,100.00,573,2022-08-02 17:48:55.322735
99.36,100.00,573,2022-08-02 17:48:56.307791
99.25,100.00,573,2022-08-02 17:48:57.322849
99.25,100.00,573,2022-08-02 17:48:58.311906
99.27,100.00,573,2022-08-02 17:48:59.311963
99.27,100.00,573,2022-08-02 17:49:00.312020
99.38,100.00,573,2022-08-02 17:49:01.309077
99.50,100.00,573,2022-08-02 17:49:02.322135
99.72,100.00,573,2022-08-02 17:49:03.322192
99.88,100.00,573,2022-08-02 17:49:04.323249
100.00,100.00,573,2022-08-02 17:49:05.322307
100.19,100.00,576,2022-08-02 17:49:06.322364
100.38,100.00,576,2022-08-02 17:49:07.307420
100.38,100.00,576,2022-08-02 17:49:08.322478
100.38,100.00,576,2022-08-02 17:49:09.482544
100.38,100.00,576,2022-08-02 17:49:10.322593
100.75,100.00,576,2022-08-02 17:49:11.316649
100.75,100.00,576,2022-08-02 17:49:12.316707
100.70,100.00,576,2022-08-02 17:49:13.317764
100.68,100.00,576,2022-08-02 17:49:14.312821
100.64,100.00,576,2022-08-02 17:49:15.323879
100.62,100.00,576,2022-08-02 17:49:16.311935
100.58,100.00,576,2022-08-02 17:49:17.321993
100.59,100.00,576,2022-08-02 17:49:18.313050
100.59,100.00,576,2022-08-02 17:49:19.312107
100.59,100.00,576,2022-08-02 17:49:20.312164
100.53,100.00,576,2022-08-02 17:49:21.307221
100.52,100.00,576,2022-08-02 17:49:22.307278
100.38,100.00,576,2022-08-02 17:49:23.307335
100.24,100.00,576,2022-08-02 17:49:24.321393
100.08,100.00,576,2022-08-02 17:49:25.324451
99.88,100.00,576,2022-08-02 17:49:26.307507
99.88,100.00,576,2022-08-02 17:49:27.321565
99.57,100.00,576,2022-08-02 17:49:28.311621
99.10,100.00,573,2022-08-02 17:49:29.306678
98.88,100.00,573,2022-08-02 17:49:30.325737
98.70,100.00,573,2022-08-02 17:49:31.318793
98.70,100.00,573,2022-08-02 17:49:32.316851
98.41,100.00,573,2022-08-02 17:49:33.311907
98.42,100.00,573,2022-08-02 17:49:34.306964
98.38,100.00,573,2022-08-02 17:49:35.307022
98.39,100.00,573,2022-08-02 17:49:36.307079
98.39,100.00,570,2022-08-02 17:49:37.311136
98.40,100.00,570,2022-08-02 17:49:38.316194
98.47,100.00,570,2022-08-02 17:49:39.307250
98.54,100.00,570,2022-08-02 17:49:40.311308
98.54,100.00,570,2022-08-02 17:49:41.312365
98.54,100.00,570,2022-08-02 17:49:42.321423
98.75,100.00,570,2022-08-02 17:49:43.316480
98.75,100.00,570,2022-08-02 17:49:44.306536
99.16,100.00,570,2022-08-02 17:49:45.321594
99.16,100.00,570,2022-08-02 17:49:46.306651
99.22,100.00,570,2022-08-02 17:49:47.308708
99.27,100.00,570,2022-08-02 17:49:48.323766
99.37,100.00,570,2022-08-02 17:49:49.311823
99.39,100.00,570,2022-08-02 17:49:50.306880
99.39,100.00,570,2022-08-02 17:49:51.306937
99.50,100.00,570,2022-08-02 17:49:52.316994
99.64,100.00,570,2022-08-02 17:49:53.316052
99.64,100.00,570,2022-08-02 17:49:54.306108
99.87,100.00,573,2022-08-02 17:49:55.316166
99.98,100.00,573,2022-08-02 17:49:56.316223
100.05,100.00,573,2022-08-02 17:49:57.306280
100.05,100.00,573,2022-08-02 17:49:58.311337
100.05,100.00,573,2022-08-02 17:49:59.321395
100.00,100.00,573,2022-08-02 17:50:00.316452
99.85,100.00,573,2022-08-02 17:50:01.306509
99.78,100.00,570,2022-08-02 17:50:02.311566
99.68,100.00,570,2022-08-02 17:50:03.321624
99.56,100.00,570,2022-08-02 17:50:04.311681
99.52,100.00,570,2022-08-02 17:50:05.311738
99.60,100.00,570,2022-08-02 17:50:06.310795
99.60,100.00,570,2022-08-02 17:50:07.320853
99.67,100.00,570,2022-08-02 17:50:08.315910
99.84,100.00,570,2022-08-02 17:50:09.306966
99.99,100.00,573,2022-08-02 17:50:10.306023
100.27,100.00,573,2022-08-02 17:50:11.306081
100.42,100.00,573,2022-08-02 17:50:12.311138
100.42,100.00,573,2022-08-02 17:50:13.322196
100.41,100.00,573,2022-08-02 17:50:14.311252
100.36,100.00,573,2022-08-02 17:50:15.478319
100.37,100.00,573,2022-08-02 17:50:16.306367
100.34,100.00,573,2022-08-02 17:50:17.316424
100.24,100.00,573,2022-08-02 17:50:18.322482
100.18,100.00,573,2022-08-02 17:50:19.310538
100.15,100.00,573,2022-08-02 17:50:20.310596
100.06,100.00,573,2022-08-02 17:50:21.305653
100.03,100.00,573,2022-08-02 17:50:22.307710
99.97,100.00,573,2022-08-02 17:50:23.320768
99.99,100.00,573,2022-08-02 17:50:24.305824
99.99,100.00,573,2022-08-02 17:50:25.320882
99.99,100.00,573,2022-08-02 17:50:26.315939
100.01,100.00,573,2022-08-02 17:50:27.310996
100.01,100.00,573,2022-08-02 17:50:28.311053
99.95,100.00,573,2022-08-02 17:50:29.306110
99.93,100.00,573,2022-08-02 17:50:30.311168
99.93,100.00,573,2022-08-02 17:50:31.321225
99.89,100.00,573,2022-08-02 17:50:32.315282
99.88,100.00,573,2022-08-02 17:50:33.316340
99.90,100.00,573,2022-08-02 17:50:34.308396
99.96,100.00,573,2022-08-02 17:50:35.316454
100.07,100.00,573,2022-08-02 17:50:36.310511
100.12,100.00,573,2022-08-02 17:50:37.320569
100.12,100.00,573,2022-08-02 17:50:38.479635
100.27,100.00,573,2022-08-02 17:50:39.322683
100.27,100.00,573,2022-08-02 17:50:40.310740
100.47,100.00,573,2022-08-02 17:50:41.310797
100.56,100.00,573,2022-08-02 17:50:42.305854
100.60,100.00,573,2022-08-02 17:50:43.320912
100.66,100.00,573,2022-08-02 17:50:44.305968
100.69,100.00,573,2022-08-02 17:50:45.306025
100.64,100.00,573,2022-08-02 17:50:46.315083
100.71,100.00,573,2022-08-02 17:50:47.321141
100.71,100.00,573,2022-08-02 17:50:48.315197
100.78,100.00,573,2022-08-02 17:50:49.321255
100.84,100.00,573,2022-08-02 17:50:50.320312
100.90,100.00,573,2022-08-02 17:50:51.308369
100.91,100.00,573,2022-08-02 17:50:52.318426
101.04,100.00,576,2022-08-02 17:50:53.310483
101.16,100.00,576,2022-08-02 17:50:54.305540
101.28,100.00,576,2022-08-02 17:50:55.311598
101.37,100.00,576,2022-08-02 17:50:56.321655
101.48,100.00,576,2022-08-02 17:50:57.320712
101.45,100.00,576,2022-08-02 17:50:58.320770
101.45,100.00,576,2022-08-02 17:50:59.320827
101.28,100.00,576,2022-08-02 17:51:00.310884
101.09,100.00,576,2022-08-02 17:51:01.320941
101.09,100.00,576,2022-08-02 17:51:02.309998
100.72,100.00,576,2022-08-02 17:51:03.308055
100.72,100.00,576,2022-08-02 17:51:04.321113
100.54,100.00,576,2022-08-02 17:51:05.310169
100.46,100.00,576,2022-08-02 17:51:06.310227
100.36,100.00,576,2022-08-02 17:51:07.320284
100.21,100.00,576,2022-08-02 17:51:08.315341
100.00,100.00,576,2022-08-02 17:51:09.306398
99.94,100.00,576,2022-08-02 17:51:10.305455
99.94,100.00,576,2022-08-02 17:51:11.484523
99.94,100.00,576,2022-08-02 17:51:12.305570
99.80,100.00,573,2022-08-02 17:51:13.310627
99.51,100.00,573,2022-08-02 17:51:14.315685
99.29,100.00,573,2022-08-02 17:51:15.314742
99.16,100.00,573,2022-08-02 17:51:16.304798
99.10,100.00,573,2022-08-02 17:51:17.310856
99.10,100.00,573,2022-08-02 17:51:18.309913
99.10,100.00,573,2022-08-02 17:51:19.314970
99.10,100.00,573,2022-08-02 17:51:20.315028
99.15,100.00,573,2022-08-02 17:51:21.305084
99.25,100.00,573,2022-08-02 17:51:22.310142
99.33,100.00,573,2022-08-02 17:51:23.315199
99.42,100.00,573,2022-08-02 17:51:24.322257
99.48,100.00,573,2022-08-02 17:51:25.310313
99.59,100.00,573,2022-08-02 17:51:26.310371
99.93,100.00,573,2022-08-02 17:51:27.305428
99.93,100.00,573,2022-08-02 17:51:28.310485
100.13,100.00,573,2022-08-02 17:51:29.484552
100.20,100.00,573,2022-08-02 17:51:30.305599
100.37,100.00,573,2022-08-02 17:51:31.304656
100.46,100.00,573,2022-08-02 17:51:32.304713
100.60,100.00,576,2022-08-02 17:51:33.309771
100.63,100.00,576,2022-08-02 17:51:34.305828
100.63,100.00,576,2022-08-02 17:51:35.305885
100.63,100.00,576,2022-08-02 17:51:36.306942
100.77,100.00,576,2022-08-02 17:51:37.310000
100.70,100.00,576,2022-08-02 17:51:38.327058
100.57,100.00,576,2022-08-02 17:51:39.310114
100.45,100.00,576,2022-08-02 17:51:41.177221
100.32,100.00,576,2022-08-02 17:51:41.370232
100.32,100.00,576,2022-08-02 17:51:42.320286
100.13,100.00,576,2022-08-02 17:51:43.306343
100.00,100.00,573,2022-08-02 17:51:44.309400
99.92,100.00,573,2022-08-02 17:51:45.304457
99.94,100.00,573,2022-08-02 17:51:46.335516
99.94,100.00,573,2022-08-02 17:51:47.324573
100.01,100.00,573,2022-08-02 17:51:48.309629
100.01,100.00,573,2022-08-02 17:51:49.304686
100.01,100.00,573,2022-08-02 17:51:50.304743
100.29,100.00,576,2022-08-02 17:51:51.319801
100.29,100.00,576,2022-08-02 17:51:52.314858
100.47,100.00,576,2022-08-02 17:51:53.309915
100.47,100.00,576,2022-08-02 17:51:54.304972
100.54,100.00,576,2022-08-02 17:51:55.306029
100.52,100.00,576,2022-08-02 17:51:56.305086
100.48,100.00,576,2022-08-02 17:51:57.320144
100.39,100.00,576,2022-08-02 17:51:58.319201
100.29,100.00,576,2022-08-02 17:51:59.304258
100.20,100.00,576,2022-08-02 17:52:00.596332
99.94,100.00,576,2022-08-02 17:52:01.319373
99.80,100.00,576,2022-08-02 17:52:02.304429
99.62,100.00,573,2022-08-02 17:52:03.319487
99.62,100.00,573,2022-08-02 17:52:04.319545
99.62,100.00,573,2022-08-02 17:52:05.319602
99.26,100.00,573,2022-08-02 17:52:06.309658
99.26,100.00,573,2022-08-02 17:52:07.319716
99.26,100.00,573,2022-08-02 17:52:08.309773
99.23,100.00,573,2022-08-02 17:52:09.304830
99.33,100.00,573,2022-08-02 17:52:10.314888
99.44,100.00,573,2022-08-02 17:52:11.318945
99.59,100.00,573,2022-08-02 17:52:12.314002
99.79,100.00,573,2022-08-02 17:52:13.315059
99.90,100.00,573,2022-08-02 17:52:14.319117
99.90,100.00,573,2022-08-02 17:52:15.319174
99.90,100.00,573,2022-08-02 17:52:16.309230
100.17,100.00,573,2022-08-02 17:52:17.317288
100.17,100.00,573,2022-08-02 17:52:18.309345
100.29,100.00,576,2022-08-02 17:52:19.309402
100.35,100.00,576,2022-08-02 17:52:20.314459
100.44,100.00,576,2022-08-02 17:52:21.319517
100.46,100.00,576,2022-08-02 17:52:22.316574
100.46,100.00,576,2022-08-02 17:52:23.313631
100.49,100.00,576,2022-08-02 17:52:24.309688
100.57,100.00,576,2022-08-02 17:52:25.314745
100.57,100.00,576,2022-08-02 17:52:26.494813
100.60,100.00,576,2022-08-02 17:52:27.318860
100.56,100.00,576,2022-08-02 17:52:28.308917
100.48,100.00,576,2022-08-02 17:52:29.308974
100.48,100.00,576,2022-08-02 17:52:30.306031
100.37,100.00,576,2022-08-02 17:52:31.476098
100.16,100.00,576,2022-08-02 17:52:32.319146
100.03,100.00,576,2022-08-02 17:52:33.304202
99.85,100.00,576,2022-08-02 17:52:34.326261
99.61,100.00,573,2022-08-02 17:52:35.319318
99.61,100.00,573,2022-08-02 17:52:36.319375
99.48,100.00,573,2022-08-02 17:52:37.309432
99.31,100.00,573,2022-08-02 17:52:38.309489
99.31,100.00,573,2022-08-02 17:52:39.304546
99.08,100.00,573,2022-08-02 17:52:40.320604
98.99,100.00,573,2022-08-02 17:52:41.311660
98.97,100.00,573,2022-08-02 17:52:42.324718
98.91,100.00,573,2022-08-02 17:52:43.313775
98.87,100.00,573,2022-08-02 17:52:44.308832
98.85,100.00,573,2022-08-02 17:52:45.318890
98.85,100.00,573,2022-08-02 17:52:46.303946
98.81,100.00,573,2022-08-02 17:52:47.310004
98.81,100.00,573,2022-08-02 17:52:48.309061
98.84,100.00,573,2022-08-02 17:52:49.304118
98.84,100.00,570,2022-08-02 17:52:50.305175
98.97,100.00,570,2022-08-02 17:52:51.309232
99.01,100.00,570,2022-08-02 17:52:52.308289
99.06,100.00,570,2022-08-02 17:52:53.308347
99.06,100.00,570,2022-08-02 17:52:54.308404
99.22,100.00,570,2022-08-02 17:52:55.309461
99.39,100.00,573,2022-08-02 17:52:56.303518
99.76,100.00,573,2022-08-02 17:52:57.318576
100.04,100.00,573,2022-08-02 17:52:58.303632
100.22,100.00,573,2022-08-02 17:52:59.316690
100.22,100.00,573,2022-08-02 17:53:00.318748
100.36,100.00,573,2022-08-02 17:53:01.303804
100.44,100.00,573,2022-08-02 17:53:02.308861
100.59,100.00,573,2022-08-02 17:53:03.313919
100.59,100.00,573,2022-08-02 17:53:04.313976
100.54,100.00,573,2022-08-02 17:53:05.304033
100.51,100.00,573,2022-08-02 17:53:06.304090
100.52,100.00,573,2022-08-02 17:53:07.303147
100.52,100.00,573,2022-08-02 17:53:08.314205
100.51,100.00,573,2022-08-02 17:53:09.313262
100.51,100.00,573,2022-08-02 17:53:10.308319
100.45,100.00,573,2022-08-02 17:53:11.310376
100.45,100.00,573,2022-08-02 17:53:12.303433
100.38,100.00,573,2022-08-02 17:53:13.303490
100.38,100.00,573,2022-08-02 17:53:14.308548
100.14,100.00,573,2022-08-02 17:53:15.303605
100.09,100.00,573,2022-08-02 17:53:16.318663
99.99,100.00,573,2022-08-02 17:53:17.318720
99.92,100.00,573,2022-08-02 17:53:18.318777
99.92,100.00,573,2022-08-02 17:53:19.308834
99.84,100.00,573,2022-08-02 17:53:20.307891
99.76,100.00,573,2022-08-02 17:53:21.315949
99.66,100.00,573,2022-08-02 17:53:22.308005
99.61,100.00,573,2022-08-02 17:53:23.303062
99.49,100.00,573,2022-08-02 17:53:24.318120
99.49,100.00,573,2022-08-02 17:53:25.314177
99.48,100.00,573,2022-08-02 17:53:26.313234
99.45,100.00,573,2022-08-02 17:53:27.303291
99.44,100.00,573,2022-08-02 17:53:28.319349
99.41,100.00,573,2022-08-02 17:53:29.313406
99.35,100.00,573,2022-08-02 17:53:30.308463
99.35,100.00,573,2022-08-02 17:53:31.313520
99.38,100.00,573,2022-08-02 17:53:32.308577
99.36,100.00,573,2022-08-02 17:53:33.318635
99.43,100.00,573,2022-08-02 17:53:34.313692
99.43,100.00,570,2022-08-02 17:53:35.309749
99.39,100.00,570,2022-08-02 17:53:36.307806
99.37,100.00,570,2022-08-02 17:53:37.302863
99.41,100.00,570,2022-08-02 17:53:38.309921
99.55,100.00,570,2022-08-02 17:53:39.318978
99.62,100.00,570,2022-08-02 17:53:40.308035
99.62,100.00,570,2022-08-02 17:53:41.303092
99.71,100.00,573,2022-08-02 17:53:42.306149
99.71,100.00,570,2022-08-02 17:53:43.303206
99.97,100.00,573,2022-08-02 17:53:44.308264
100.23,100.00,573,2022-08-02 17:53:45.308321
100.23,100.00,573,2022-08-02 17:53:46.322379
100.35,100.00,573,2022-08-02 17:53:47.318436
100.38,100.00,573,2022-08-02 17:53:48.307492
100.37,100.00,573,2022-08-02 17:53:49.313550
100.32,100.00,573,2022-08-02 17:53:50.310607
100.32,100.00,573,2022-08-02 17:53:51.310664
100.29,100.00,573,2022-08-02 17:53:52.307721
100.24,100.00,573,2022-08-02 17:53:53.309778
100.18,100.00,573,2022-08-02 17:53:54.312836
100.10,100.00,573,2022-08-02 17:53:55.308893
100.05,100.00,573,2022-08-02 17:53:56.312950
100.06,100.00,573,2022-08-02 17:53:57.308007
100.06,100.00,573,2022-08-02 17:53:58.308064
99.98,100.00,573,2022-08-02 17:53:59.313122
100.00,100.00,573,2022-08-02 17:54:00.318179
100.07,100.00,573,2022-08-02 17:54:01.313236
100.09,100.00,573,2022-08-02 17:54:02.302293
100.10,100.00,573,2022-08-02 17:54:03.320351
100.12,100.00,573,2022-08-02 17:54:04.526420
100.10,100.00,573,2022-08-02 17:54:05.307465
100.11,100.00,573,2022-08-02 17:54:06.302522
100.09,100.00,573,2022-08-02 17:54:07.302579
100.09,100.00,573,2022-08-02 17:54:08.313637
100.09,100.00,573,2022-08-02 17:54:09.317694
100.05,100.00,573,2022-08-02 17:54:10.302750
100.10,100.00,573,2022-08-02 17:54:11.317808
100.10,100.00,573,2022-08-02 17:54:12.479875
100.10,100.00,573,2022-08-02 17:54:13.302922
100.16,100.00,573,2022-08-02 17:54:14.307980
100.16,100.00,573,2022-08-02 17:54:15.308037
100.12,100.00,573,2022-08-02 17:54:16.303094
100.14,100.00,573,2022-08-02 17:54:17.308151
100.21,100.00,573,2022-08-02 17:54:18.302208
100.28,100.00,573,2022-08-02 17:54:19.319266
100.32,100.00,573,2022-08-02 17:54:20.318323
100.39,100.00,573,2022-08-02 17:54:21.307380
100.29,100.00,573,2022-08-02 17:54:22.302437
100.26,100.00,573,2022-08-02 17:54:23.317495
100.26,100.00,573,2022-08-02 17:54:24.307551
100.14,100.00,573,2022-08-02 17:54:25.303608
100.14,100.00,573,2022-08-02 17:54:26.307666
99.97,100.00,573,2022-08-02 17:54:27.307723
99.87,100.00,573,2022-08-02 17:54:28.307780
99.87,100.00,573,2022-08-02 17:54:29.302837
99.87,100.00,573,2022-08-02 17:54:30.312895
99.78,100.00,573,2022-08-02 17:54:31.307952
99.75,100.00,573,2022-08-02 17:54:32.317010
99.75,100.00,573,2022-08-02 17:54:33.308066
99.70,100.00,573,2022-08-02 17:54:34.302123
99.53,100.00,573,2022-08-02 17:54:35.307181
99.54,100.00,573,2022-08-02 17:54:36.302238
99.51,100.00,573,2022-08-02 17:54:37.306295
99.43,100.00,570,2022-08-02 17:54:38.304352
99.43,100.00,570,2022-08-02 17:54:39.305409
99.33,100.00,570,2022-08-02 17:54:40.309467
99.23,100.00,570,2022-08-02 17:54:41.302524
99.25,100.00,570,2022-08-02 17:54:42.309581
99.23,100.00,570,2022-08-02 17:54:43.302638
99.26,100.00,570,2022-08-02 17:54:44.304695
99.31,100.00,570,2022-08-02 17:54:45.311753
99.36,100.00,570,2022-08-02 17:54:46.312810
99.36,100.00,570,2022-08-02 17:54:47.317868
99.36,100.00,570,2022-08-02 17:54:48.301924
99.51,100.00,570,2022-08-02 17:54:49.306981
99.52,100.00,570,2022-08-02 17:54:50.306038
99.51,100.00,570,2022-08-02 17:54:51.307096
99.49,100.00,570,2022-08-02 17:54:52.314153
99.54,100.00,570,2022-08-02 17:54:53.314211
99.58,100.00,570,2022-08-02 17:54:54.302267
99.58,100.00,570,2022-08-02 17:54:55.307325
99.74,100.00,570,2022-08-02 17:54:56.307382
99.74,100.00,570,2022-08-02 17:54:57.307439
100.22,100.00,573,2022-08-02 17:54:58.316497
100.74,100.00,573,2022-08-02 17:54:59.312554
101.01,100.00,573,2022-08-02 17:55:00.311611
101.01,100.00,573,2022-08-02 17:55:01.306668
101.18,100.00,573,2022-08-02 17:55:02.311725
101.29,100.00,573,2022-08-02 17:55:03.312782
101.37,100.00,573,2022-08-02 17:55:04.301839
101.37,100.00,573,2022-08-02 17:55:05.306896
101.34,100.00,573,2022-08-02 17:55:06.306954
101.26,100.00,573,2022-08-02 17:55:07.307011
101.26,100.00,573,2022-08-02 17:55:08.302068
101.05,100.00,573,2022-08-02 17:55:09.302125
100.95,100.00,573,2022-08-02 17:55:10.302182
100.95,100.00,573,2022-08-02 17:55:11.484250
100.92,100.00,573,2022-08-02 17:55:12.314297
100.85,100.00,573,2022-08-02 17:55:13.301354
100.85,100.00,573,2022-08-02 17:55:14.301411
100.82,100.00,576,2022-08-02 17:55:15.301468
100.86,100.00,576,2022-08-02 17:55:16.320526
100.86,100.00,576,2022-08-02 17:55:17.311583
100.82,100.00,576,2022-08-02 17:55:18.306640
100.75,100.00,576,2022-08-02 17:55:19.301697
100.61,100.00,576,2022-08-02 17:55:20.301754
100.25,100.00,573,2022-08-02 17:55:21.316812
100.12,100.00,573,2022-08-02 17:55:22.306869
99.92,100.00,573,2022-08-02 17:55:23.306926
99.80,100.00,573,2022-08-02 17:55:24.301983
99.70,100.00,573,2022-08-02 17:55:25.317041
99.65,100.00,573,2022-08-02 17:55:26.311098
99.65,100.00,573,2022-08-02 17:55:27.307155
99.62,100.00,573,2022-08-02 17:55:28.301212
99.61,100.00,573,2022-08-02 17:55:29.313270
99.61,100.00,573,2022-08-02 17:55:30.316327
99.65,100.00,573,2022-08-02 17:55:31.365387
99.66,100.00,573,2022-08-02 17:55:32.311441
99.66,100.00,573,2022-08-02 17:55:33.301498
99.73,100.00,573,2022-08-02 17:55:34.311555
99.77,100.00,573,2022-08-02 17:55:35.314613
99.80,100.00,573,2022-08-02 17:55:36.301669
99.66,100.00,573,2022-08-02 17:55:37.428734
99.66,100.00,573,2022-08-02 17:55:38.316785
99.65,100.00,573,2022-08-02 17:55:39.317842
99.64,100.00,573,2022-08-02 17:55:40.310899
99.66,100.00,573,2022-08-02 17:55:41.316956
99.62,100.00,573,2022-08-02 17:55:42.309013
99.62,100.00,573,2022-08-02 17:55:43.319071
99.62,100.00,573,2022-08-02 17:55:44.316128
99.60,100.00,573,2022-08-02 17:55:45.306184
99.45,100.00,573,2022-08-02 17:55:46.482252
99.35,100.00,573,2022-08-02 17:55:47.306299
99.25,100.00,570,2022-08-02 17:55:48.306356
99.21,100.00,570,2022-08-02 17:55:49.306413
99.08,100.00,570,2022-08-02 17:55:50.306470
98.99,100.00,570,2022-08-02 17:55:51.317528
98.90,100.00,570,2022-08-02 17:55:52.318585
98.80,100.00,570,2022-08-02 17:55:53.301642
98.78,100.00,570,2022-08-02 17:55:54.313700
98.78,100.00,570,2022-08-02 17:55:55.322757
98.72,100.00,570,2022-08-02 17:55:56.310814
98.62,100.00,570,2022-08-02 17:55:57.316871
98.50,100.00,570,2022-08-02 17:55:58.300928
98.50,100.00,570,2022-08-02 17:55:59.310985
98.50,100.00,570,2022-08-02 17:56:00.301042
98.45,100.00,567,2022-08-02 17:56:01.301099
98.53,100.00,567,2022-08-02 17:56:02.306157
98.77,100.00,567,2022-08-02 17:56:03.311214
98.89,100.00,570,2022-08-02 17:56:04.301271
98.89,100.00,567,2022-08-02 17:56:05.311329
99.17,100.00,570,2022-08-02 17:56:06.301385
99.41,100.00,570,2022-08-02 17:56:07.301442
99.62,100.00,570,2022-08-02 17:56:08.306500
99.98,100.00,570,2022-08-02 17:56:09.310557
100.10,100.00,570,2022-08-02 17:56:10.315615
100.19,100.00,570,2022-08-02 17:56:11.319672
100.30,100.00,570,2022-08-02 17:56:12.315729
100.31,100.00,570,2022-08-02 17:56:13.315786
100.36,100.00,570,2022-08-02 17:56:14.302843
100.36,100.00,570,2022-08-02 17:56:15.305900
100.46,100.00,570,2022-08-02 17:56:16.305957
100.63,100.00,570,2022-08-02 17:56:17.306015
100.68,100.00,570,2022-08-02 17:56:18.311072
100.72,100.00,570,2022-08-02 17:56:19.301129
100.70,100.00,570,2022-08-02 17:56:20.303186
100.70,100.00,573,2022-08-02 17:56:21.316244
100.70,100.00,573,2022-08-02 17:56:22.300300
100.75,100.00,573,2022-08-02 17:56:23.301358
100.80,100.00,573,2022-08-02 17:56:24.311415
100.72,100.00,573,2022-08-02 17:56:25.300472
100.66,100.00,573,2022-08-02 17:56:26.310530
100.60,100.00,573,2022-08-02 17:56:27.305587
100.60,100.00,573,2022-08-02 17:56:28.310644
100.35,100.00,573,2022-08-02 17:56:29.300701
100.22,100.00,570,2022-08-02 17:56:30.310758
100.22,100.00,570,2022-08-02 17:56:31.300815
99.93,100.00,570,2022-08-02 17:56:32.305873
99.73,100.00,570,2022-08-02 17:56:33.308930
99.60,100.00,570,2022-08-02 17:56:34.305987
99.53,100.00,570,2022-08-02 17:56:35.344046
99.59,100.00,570,2022-08-02 17:56:36.488112
99.67,100.00,570,2022-08-02 17:56:37.312159
99.67,100.00,570,2022-08-02 17:56:38.305216
99.94,100.00,570,2022-08-02 17:56:39.305273
100.07,100.00,570,2022-08-02 17:56:40.305330
100.15,100.00,570,2022-08-02 17:56:41.305387
100.20,100.00,570,2022-08-02 17:56:42.305444
100.30,100.00,570,2022-08-02 17:56:43.315502
100.33,100.00,573,2022-08-02 17:56:44.311559
100.42,100.00,573,2022-08-02 17:56:45.305616
100.42,100.00,573,2022-08-02 17:56:46.305673
100.53,100.00,573,2022-08-02 17:56:47.300730
100.61,100.00,573,2022-08-02 17:56:48.301787
100.70,100.00,573,2022-08-02 17:56:49.314845
100.65,100.00,573,2022-08-02 17:56:50.302902
100.65,100.00,573,2022-08-02 17:56:51.299959
100.68,100.00,573,2022-08-02 17:56:52.311017
100.68,100.00,573,2022-08-02 17:56:53.300073
100.69,100.00,573,2022-08-02 17:56:54.306131
100.71,100.00,573,2022-08-02 17:56:55.305188
100.79,100.00,573,2022-08-02 17:56:56.310246
100.83,100.00,573,2022-08-02 17:56:57.300302
100.86,100.00,573,2022-08-02 17:56:58.305360
100.84,100.00,573,2022-08-02 17:56:59.300417
100.80,100.00,573,2022-08-02 17:57:00.315475
100.78,100.00,573,2022-08-02 17:57:01.300531
100.78,100.00,573,2022-08-02 17:57:02.315589
100.78,100.00,573,2022-08-02 17:57:03.314646
100.70,100.00,573,2022-08-02 17:57:04.314703
100.69,100.00,573,2022-08-02 17:57:05.316761
100.66,100.00,573,2022-08-02 17:57:06.304817
100.54,100.00,573,2022-08-02 17:57:07.312875
100.54,100.00,573,2022-08-02 17:57:08.304932
100.54,100.00,573,2022-08-02 17:57:09.314989
100.57,100.00,573,2022-08-02 17:57:10.300046
100.47,100.00,573,2022-08-02 17:57:11.305103
100.43,100.00,573,2022-08-02 17:57:12.305160
100.34,100.00,573,2022-08-02 17:57:13.310218
100.33,100.00,573,2022-08-02 17:57:14.310275
100.37,100.00,573,2022-08-02 17:57:15.305332
100.37,100.00,573,2022-08-02 17:57:16.311390
100.32,100.00,573,2022-08-02 17:57:17.305446
100.26,100.00,573,2022-08-02 17:57:18.305504
100.26,100.00,573,2022-08-02 17:57:19.300560
100.19,100.00,573,2022-08-02 17:57:20.299618
99.97,100.00,573,2022-08-02 17:57:21.299675
99.97,100.00,573,2022-08-02 17:57:22.304732
99.95,100.00,573,2022-08-02 17:57:23.314790
99.94,100.00,573,2022-08-02 17:57:24.299846
99.94,100.00,573,2022-08-02 17:57:25.309904
100.01,100.00,573,2022-08-02 17:57:26.304961
100.02,100.00,573,2022-08-02 17:57:27.305018
100.02,100.00,573,2022-08-02 17:57:28.300075
100.13,100.00,573,2022-08-02 17:57:29.305133
100.24,100.00,573,2022-08-02 17:57:30.305190
100.32,100.00,573,2022-08-02 17:57:31.300247
100.51,100.00,573,2022-08-02 17:57:32.305304
100.62,100.00,576,2022-08-02 17:57:33.304361
100.77,100.00,576,2022-08-02 17:57:34.299418
100.77,100.00,576,2022-08-02 17:57:35.299476
100.89,100.00,576,2022-08-02 17:57:36.305533
100.93,100.00,576,2022-08-02 17:57:37.299590
100.90,100.00,576,2022-08-02 17:57:38.304647
100.64,100.00,576,2022-08-02 17:57:39.314705
100.49,100.00,576,2022-08-02 17:57:40.320763
100.32,100.00,576,2022-08-02 17:57:41.311819
100.13,100.00,576,2022-08-02 17:57:42.314877
99.86,100.00,573,2022-08-02 17:57:43.299933
99.60,100.00,573,2022-08-02 17:57:44.309991
99.37,100.00,573,2022-08-02 17:57:45.300048
99.37,100.00,573,2022-08-02 17:57:46.300105
99.03,100.00,573,2022-08-02 17:57:47.304162
98.89,100.00,573,2022-08-02 17:57:48.299219
98.73,100.00,573,2022-08-02 17:57:49.315277
98.63,100.00,573,2022-08-02 17:57:50.305334
98.63,100.00,570,2022-08-02 17:57:51.299391
98.63,100.00,570,2022-08-02 17:57:52.310449
98.48,100.00,570,2022-08-02 17:57:53.299505
98.39,100.00,570,2022-08-02 17:57:54.299562
98.40,100.00,570,2022-08-02 17:57:55.299620
98.50,100.00,570,2022-08-02 17:57:56.304677
98.50,100.00,570,2022-08-02 17:57:57.299734
98.63,100.00,570,2022-08-02 17:57:58.301791
98.82,100.00,570,2022-08-02 17:57:59.299848
99.02,100.00,570,2022-08-02 17:58:00.309906
99.51,100.00,570,2022-08-02 17:58:01.303963
99.67,100.00,570,2022-08-02 17:58:02.305020
99.79,100.00,573,2022-08-02 17:58:03.304077
99.92,100.00,573,2022-08-02 17:58:04.304135
100.02,100.00,573,2022-08-02 17:58:05.314192
100.02,100.00,573,2022-08-02 17:58:06.309249
100.02,100.00,573,2022-08-02 17:58:07.309306
99.93,100.00,573,2022-08-02 17:58:08.299363
99.76,100.00,570,2022-08-02 17:58:09.299420
99.54,100.00,570,2022-08-02 17:58:10.299477
99.30,100.00,570,2022-08-02 17:58:11.316536
99.16,100.00,570,2022-08-02 17:58:12.299592
99.02,100.00,570,2022-08-02 17:58:13.299649
98.93,100.00,570,2022-08-02 17:58:14.303706
98.93,100.00,570,2022-08-02 17:58:15.315764
98.91,100.00,570,2022-08-02 17:58:16.298821
98.91,100.00,570,2022-08-02 17:58:17.304878
98.78,100.00,570,2022-08-02 17:58:18.298935
98.68,100.00,570,2022-08-02 17:58:19.309993
98.62,100.00,567,2022-08-02 17:58:20.299049
98.60,100.00,567,2022-08-02 17:58:21.309107
98.54,100.00,567,2022-08-02 17:58:22.309164
98.57,100.00,567,2022-08-02 17:58:23.304221
98.62,100.00,567,2022-08-02 17:58:24.299278
98.74,100.00,567,2022-08-02 17:58:25.299335
98.87,100.00,567,2022-08-02 17:58:26.304393
99.07,100.00,567,2022-08-02 17:58:27.299450
99.21,100.00,567,2022-08-02 17:58:28.305507
99.21,100.00,567,2022-08-02 17:58:29.303564
99.42,100.00,567,2022-08-02 17:58:30.303622
99.66,100.00,570,2022-08-02 17:58:31.303679
99.89,100.00,570,2022-08-02 17:58:32.313737
100.29,100.00,570,2022-08-02 17:58:33.303793
100.55,100.00,570,2022-08-02 17:58:34.298850
100.62,100.00,570,2022-08-02 17:58:35.308908
100.68,100.00,570,2022-08-02 17:58:36.313965
100.71,100.00,570,2022-08-02 17:58:37.304022
100.74,100.00,570,2022-08-02 17:58:38.299079
100.74,100.00,570,2022-08-02 17:58:39.311137
100.82,100.00,570,2022-08-02 17:58:40.299193
101.06,100.00,573,2022-08-02 17:58:41.299251
101.16,100.00,573,2022-08-02 17:58:42.303308
101.25,100.00,573,2022-08-02 17:58:43.298365
101.27,100.00,573,2022-08-02 17:58:44.303422
101.27,100.00,573,2022-08-02 17:58:45.313480
101.33,100.00,573,2022-08-02 17:58:46.298536
101.33,100.00,573,2022-08-02 17:58:47.303594
101.36,100.00,573,2022-08-02 17:58:48.303651
101.46,100.00,573,2022-08-02 17:58:49.308709
101.43,100.00,573,2022-08-02 17:58:50.308766
101.44,100.00,573,2022-08-02 17:58:51.303823
101.48,100.00,573,2022-08-02 17:58:52.313881
101.50,100.00,573,2022-08-02 17:58:53.303937
101.53,100.00,573,2022-08-02 17:58:54.298994
101.53,100.00,576,2022-08-02 17:58:55.308052
101.53,100.00,576,2022-08-02 17:58:56.298108
101.48,100.00,576,2022-08-02 17:58:57.304166
101.39,100.00,576,2022-08-02 17:58:58.309223
101.01,100.00,573,2022-08-02 17:58:59.303280
100.76,100.00,573,2022-08-02 17:59:00.298337
100.49,100.00,573,2022-08-02 17:59:01.313395
100.28,100.00,573,2022-08-02 17:59:02.300452
100.14,100.00,573,2022-08-02 17:59:03.308509
100.07,100.00,573,2022-08-02 17:59:04.303566
100.11,100.00,573,2022-08-02 17:59:05.298623
100.07,100.00,573,2022-08-02 17:59:06.303681
100.02,100.00,573,2022-08-02 17:59:07.298738
99.94,100.00,573,2022-08-02 17:59:08.303795
99.87,100.00,573,2022-08-02 17:59:09.313853
99.85,100.00,573,2022-08-02 17:59:10.298909
99.85,100.00,573,2022-08-02 17:59:11.297966
99.78,100.00,573,2022-08-02 17:59:12.303024
