LV1,SPVolt,Mode,Kp,Ki,Kd,Output,Date
100.55,100.00,1,0.005000,0.000400,0.000500,573,2022-07-06 15:03:28.350459
100.57,100.00,1,0.005000,0.000400,0.000500,573,2022-07-06 15:03:29.548528
100.61,100.00,1,0.005000,0.000400,0.000500,573,2022-07-06 15:03:30.548585
100.56,100.00,1,0.005000,0.000400,0.000500,573,2022-07-06 15:03:31.548642
100.59,100.00,1,0.005000,0.000400,0.000500,573,2022-07-06 15:03:32.549699
100.52,100.00,1,0.005000,0.000400,0.000500,573,2022-07-06 15:03:33.548756
100.47,100.00,1,0.005000,0.000400,0.000500,573,2022-07-06 15:03:34.548814
100.40,100.00,1,0.005000,0.000400,0.000500,573,2022-07-06 15:03:35.351859
100.35,100.00,1,0.005000,0.000400,0.000500,573,2022-07-06 15:03:36.346916
100.32,100.00,1,0.005000,0.000400,0.000500,573,2022-07-06 15:03:37.348974
100.35,100.00,1,0.005000,0.000400,0.000500,573,2022-07-06 15:03:38.548042
100.43,100.00,1,0.005000,0.000400,0.000500,573,2022-07-06 15:03:39.551100
100.48,100.00,1,0.005000,0.000400,0.000500,573,2022-07-06 15:03:40.550157
100.55,100.00,1,0.005000,0.000400,0.000500,573,2022-07-06 15:03:41.358203
100.68,100.00,1,0.005000,0.000400,0.000500,573,2022-07-06 15:03:42.549271
100.75,100.00,1,0.005000,0.000400,0.000500,573,2022-07-06 15:03:43.549328
100.75,100.00,1,0.005000,0.000400,0.000500,576,2022-07-06 15:03:44.570387
100.77,100.00,1,0.005000,0.000400,0.000500,576,2022-07-06 15:03:45.359432
100.68,100.00,1,0.005000,0.000400,0.000500,576,2022-07-06 15:03:46.358489
100.59,100.00,1,0.005000,0.000400,0.000500,576,2022-07-06 15:03:47.555557
100.47,100.00,1,0.005000,0.000400,0.000500,576,2022-07-06 15:03:48.352603
100.33,100.00,1,0.005000,0.000400,0.000500,576,2022-07-06 15:03:49.346660
100.21,100.00,1,0.005000,0.000400,0.000500,573,2022-07-06 15:03:50.547729
100.03,100.00,1,0.005000,0.000400,0.000500,573,2022-07-06 15:03:51.371776
99.93,100.00,1,0.005000,0.000400,0.000500,573,2022-07-06 15:03:52.547843
99.87,100.00,1,0.005000,0.000400,0.000500,573,2022-07-06 15:03:53.346889
99.87,100.00,1,0.005000,0.000400,0.000500,573,2022-07-06 15:03:54.547957
99.89,100.00,1,0.005000,0.000400,0.000500,573,2022-07-06 15:03:55.548015
99.90,100.00,1,0.005000,0.000400,0.000500,573,2022-07-06 15:03:56.548072
99.95,100.00,1,0.005000,0.000400,0.000500,573,2022-07-06 15:03:57.548129
100.04,100.00,1,0.005000,0.000400,0.000500,573,2022-07-06 15:03:58.350175
100.06,100.00,1,0.005000,0.000400,0.000500,573,2022-07-06 15:03:59.549243
100.17,100.00,1,0.005000,0.000400,0.000500,573,2022-07-06 15:04:00.549301
100.23,100.00,1,0.005000,0.000400,0.000500,573,2022-07-06 15:04:01.346346
100.31,100.00,1,0.005000,0.000400,0.000500,573,2022-07-06 15:04:02.552415
100.37,100.00,1,0.005000,0.000400,0.000500,573,2022-07-06 15:04:03.347461
100.39,100.00,1,0.005000,0.000400,0.000500,576,2022-07-06 15:04:04.549529
100.36,100.00,1,0.005000,0.000400,0.000500,576,2022-07-06 15:04:05.547587
100.36,100.00,1,0.005000,0.000400,0.000500,576,2022-07-06 15:04:06.346632
100.32,100.00,1,0.005000,0.000400,0.000500,576,2022-07-06 15:04:07.548701
100.18,100.00,1,0.005000,0.000400,0.000500,576,2022-07-06 15:04:08.545758
100.06,100.00,1,0.005000,0.000400,0.000500,573,2022-07-06 15:04:09.544815
99.93,100.00,1,0.005000,0.000400,0.000500,573,2022-07-06 15:04:10.353861
99.84,100.00,1,0.005000,0.000400,0.000500,573,2022-07-06 15:04:11.548930
99.75,100.00,1,0.005000,0.000400,0.000500,573,2022-07-06 15:04:12.547987
99.75,100.00,1,0.005000,0.000400,0.000500,573,2022-07-06 15:04:13.548044
99.69,100.00,1,0.005000,0.000400,0.000500,573,2022-07-06 15:04:14.548101
99.70,100.00,1,0.005000,0.000400,0.000500,573,2022-07-06 15:04:15.355148
99.64,100.00,1,0.005000,0.000400,0.000500,573,2022-07-06 15:04:16.346204
99.62,100.00,1,0.005000,0.000400,0.000500,573,2022-07-06 15:04:17.355262
99.61,100.00,1,0.005000,0.000400,0.000500,573,2022-07-06 15:04:18.355319
99.55,100.00,1,0.005000,0.000400,0.000500,573,2022-07-06 15:04:19.347376
99.52,100.00,1,0.005000,0.000400,0.000500,573,2022-07-06 15:04:20.550445
99.45,100.00,1,0.005000,0.000400,0.000500,573,2022-07-06 15:04:21.548502
99.40,100.00,1,0.005000,0.000400,0.000500,573,2022-07-06 15:04:22.547559
99.36,100.00,1,0.005000,0.000400,0.000500,573,2022-07-06 15:04:23.547616
99.34,100.00,1,0.005000,0.000400,0.000500,573,2022-07-06 15:04:24.548673
99.28,100.00,1,0.005000,0.000400,0.000500,573,2022-07-06 15:04:25.551731
99.25,100.00,1,0.005000,0.000400,0.000500,573,2022-07-06 15:04:26.547788
99.15,100.00,1,0.005000,0.000400,0.000500,573,2022-07-06 15:04:27.549845
98.98,100.00,1,0.005000,0.000400,0.000500,573,2022-07-06 15:04:28.349891
98.84,100.00,1,0.005000,0.000400,0.000500,573,2022-07-06 15:04:29.549959
98.68,100.00,1,0.005000,0.000400,0.000500,570,2022-07-06 15:04:30.554017
98.53,100.00,1,0.005000,0.000400,0.000500,570,2022-07-06 15:04:31.551074
98.43,100.00,1,0.005000,0.000400,0.000500,570,2022-07-06 15:04:32.398122
98.35,100.00,1,0.005000,0.000400,0.000500,570,2022-07-06 15:04:33.356177
98.32,100.00,1,0.005000,0.000400,0.000500,570,2022-07-06 15:04:34.349234
98.40,100.00,1,0.005000,0.000400,0.000500,570,2022-07-06 15:04:35.357292
98.51,100.00,1,0.005000,0.000400,0.000500,570,2022-07-06 15:04:36.361349
98.63,100.00,1,0.005000,0.000400,0.000500,570,2022-07-06 15:04:37.348405
98.75,100.00,1,0.005000,0.000400,0.000500,570,2022-07-06 15:04:38.358463
98.88,100.00,1,0.005000,0.000400,0.000500,570,2022-07-06 15:04:39.354520
98.94,100.00,1,0.005000,0.000400,0.000500,570,2022-07-06 15:04:40.355577
99.05,100.00,1,0.005000,0.000400,0.000500,570,2022-07-06 15:04:41.574647
99.20,100.00,1,0.005000,0.000400,0.000500,570,2022-07-06 15:04:42.356692
99.34,100.00,1,0.005000,0.000400,0.000500,570,2022-07-06 15:04:43.345748
99.50,100.00,1,0.005000,0.000400,0.000500,570,2022-07-06 15:04:44.347806
99.61,100.00,1,0.005000,0.000400,0.000500,570,2022-07-06 15:04:45.347863
99.79,100.00,1,0.005000,0.000400,0.000500,570,2022-07-06 15:04:46.549932
99.93,100.00,1,0.005000,0.000400,0.000500,570,2022-07-06 15:04:47.547989
100.09,100.00,1,0.005000,0.000400,0.000500,570,2022-07-06 15:04:48.354035
100.29,100.00,1,0.005000,0.000400,0.000500,570,2022-07-06 15:04:49.350092
100.45,100.00,1,0.005000,0.000400,0.000500,570,2022-07-06 15:04:50.349149
100.65,100.00,1,0.005000,0.000400,0.000500,570,2022-07-06 15:04:51.347206
100.84,100.00,1,0.005000,0.000400,0.000500,573,2022-07-06 15:04:52.547275
101.00,100.00,1,0.005000,0.000400,0.000500,573,2022-07-06 15:04:53.356321
101.12,100.00,1,0.005000,0.000400,0.000500,573,2022-07-06 15:04:54.551389
101.16,100.00,1,0.005000,0.000400,0.000500,573,2022-07-06 15:04:55.346435
101.16,100.00,1,0.005000,0.000400,0.000500,573,2022-07-06 15:04:56.348492
101.10,100.00,1,0.005000,0.000400,0.000500,573,2022-07-06 15:04:57.550561
101.06,100.00,1,0.005000,0.000400,0.000500,573,2022-07-06 15:04:58.548618
101.07,100.00,1,0.005000,0.000400,0.000500,573,2022-07-06 15:04:59.546675
101.05,100.00,1,0.005000,0.000400,0.000500,573,2022-07-06 15:05:00.547732
101.07,100.00,1,0.005000,0.000400,0.000500,573,2022-07-06 15:05:01.348778
101.05,100.00,1,0.005000,0.000400,0.000500,573,2022-07-06 15:05:02.554847
101.04,100.00,1,0.005000,0.000400,0.000500,573,2022-07-06 15:05:03.354893
101.06,100.00,1,0.005000,0.000400,0.000500,573,2022-07-06 15:05:04.546961
101.06,100.00,1,0.005000,0.000400,0.000500,573,2022-07-06 15:05:05.346007
101.07,100.00,1,0.005000,0.000400,0.000500,573,2022-07-06 15:05:06.347064
101.12,100.00,1,0.005000,0.000400,0.000500,573,2022-07-06 15:05:07.351122
101.12,100.00,1,0.005000,0.000400,0.000500,576,2022-07-06 15:05:08.141167
101.12,100.00,1,0.005000,0.000400,0.000500,576,2022-07-06 15:05:09.141224
101.12,100.00,1,0.005000,0.000400,0.000500,576,2022-07-06 15:05:10.141281
101.12,100.00,1,0.005000,0.000400,0.000500,576,2022-07-06 15:05:11.141338
101.12,100.00,1,0.005000,0.000400,0.000500,576,2022-07-06 15:05:12.142396
101.12,100.00,1,0.005000,0.000400,0.000500,576,2022-07-06 15:05:13.156454
101.12,100.00,1,0.005000,0.000400,0.000500,576,2022-07-06 15:05:14.141510
101.12,100.00,1,0.005000,0.000400,0.000500,576,2022-07-06 15:05:15.141567
101.12,100.00,1,0.005000,0.000400,0.000500,576,2022-07-06 15:05:16.141624
101.12,100.00,1,0.005000,0.000400,0.000500,576,2022-07-06 15:05:17.141681
101.12,100.00,1,0.005000,0.000400,0.000500,576,2022-07-06 15:05:18.141739
101.12,100.00,1,0.005000,0.000400,0.000500,576,2022-07-06 15:05:19.143796
101.12,100.00,1,0.005000,0.000400,0.000500,576,2022-07-06 15:05:20.141853
101.12,100.00,1,0.005000,0.000400,0.000500,576,2022-07-06 15:05:21.141910
101.12,100.00,1,0.005000,0.000400,0.000500,576,2022-07-06 15:05:22.140967
101.12,100.00,1,0.005000,0.000400,0.000500,576,2022-07-06 15:05:23.197028
101.12,100.00,1,0.005000,0.000400,0.000500,576,2022-07-06 15:05:24.142082
101.12,100.00,1,0.005000,0.000400,0.000500,576,2022-07-06 15:05:25.141139
101.12,100.00,1,0.005000,0.000400,0.000500,576,2022-07-06 15:05:26.141196
101.12,100.00,1,0.005000,0.000400,0.000500,576,2022-07-06 15:05:27.155254
101.12,100.00,1,0.005000,0.000400,0.000500,576,2022-07-06 15:05:28.154311
101.12,100.00,1,0.005000,0.000400,0.000500,576,2022-07-06 15:05:29.146368
101.12,100.00,1,0.005000,0.000400,0.000500,580,2022-07-06 15:05:30.141425
101.12,100.00,1,0.005000,0.000400,0.000500,580,2022-07-06 15:05:31.156483
101.12,100.00,1,0.005000,0.000400,0.000500,580,2022-07-06 15:05:32.143540
101.12,100.00,1,0.005000,0.000400,0.000500,580,2022-07-06 15:05:33.141597
101.12,100.00,1,0.005000,0.000400,0.000500,580,2022-07-06 15:05:34.141654
101.12,100.00,1,0.005000,0.000400,0.000500,580,2022-07-06 15:05:35.140711
101.12,100.00,1,0.005000,0.000400,0.000500,580,2022-07-06 15:05:36.146769
101.12,100.00,1,0.005000,0.000400,0.000500,580,2022-07-06 15:05:37.165827
101.12,100.00,1,0.005000,0.000400,0.000500,580,2022-07-06 15:05:38.140883
101.12,100.00,1,0.005000,0.000400,0.000500,580,2022-07-06 15:05:39.146940
101.12,100.00,1,0.005000,0.000400,0.000500,580,2022-07-06 15:05:40.140997
101.12,100.00,1,0.005000,0.000400,0.000500,580,2022-07-06 15:05:41.141054
101.12,100.00,1,0.005000,0.000400,0.000500,580,2022-07-06 15:05:42.141111
101.12,100.00,1,0.005000,0.000400,0.000500,580,2022-07-06 15:05:43.141169
101.12,100.00,1,0.005000,0.000400,0.000500,580,2022-07-06 15:05:44.141226
101.12,100.00,1,0.005000,0.000400,0.000500,580,2022-07-06 15:05:45.141283
101.12,100.00,1,0.005000,0.000400,0.000500,580,2022-07-06 15:05:46.141340
101.12,100.00,1,0.005000,0.000400,0.000500,580,2022-07-06 15:05:47.141397
101.12,100.00,1,0.005000,0.000400,0.000500,580,2022-07-06 15:05:48.141455
101.12,100.00,1,0.005000,0.000400,0.000500,580,2022-07-06 15:05:49.143512
101.12,100.00,1,0.005000,0.000400,0.000500,580,2022-07-06 15:05:50.140569
101.12,100.00,1,0.005000,0.000400,0.000500,580,2022-07-06 15:05:51.140626
101.12,100.00,1,0.005000,0.000400,0.000500,580,2022-07-06 15:05:52.140683
101.12,100.00,1,0.005000,0.000400,0.000500,583,2022-07-06 15:05:53.146741
101.12,100.00,1,0.005000,0.000400,0.000500,583,2022-07-06 15:05:54.140798
101.12,100.00,1,0.005000,0.000400,0.000500,583,2022-07-06 15:05:55.140855
101.12,100.00,1,0.005000,0.000400,0.000500,583,2022-07-06 15:05:56.140912
101.12,100.00,1,0.005000,0.000400,0.000500,583,2022-07-06 15:05:57.140969
101.12,100.00,1,0.005000,0.000400,0.000500,583,2022-07-06 15:05:58.141027
101.12,100.00,1,0.005000,0.000400,0.000500,583,2022-07-06 15:05:59.141084
101.12,100.00,1,0.005000,0.000400,0.000500,583,2022-07-06 15:06:00.141141
101.12,100.00,1,0.005000,0.000400,0.000500,583,2022-07-06 15:06:01.141198
101.12,100.00,1,0.005000,0.000400,0.000500,583,2022-07-06 15:06:02.140255
101.12,100.00,1,0.005000,0.000400,0.000500,583,2022-07-06 15:06:03.141313
101.12,100.00,1,0.005000,0.000400,0.000500,583,2022-07-06 15:06:04.141370
101.12,100.00,1,0.005000,0.000400,0.000500,583,2022-07-06 15:06:06.140484
101.12,100.00,1,0.005000,0.000400,0.000500,583,2022-07-06 15:06:07.140541
101.12,100.00,1,0.005000,0.000400,0.000500,583,2022-07-06 15:06:08.140598
101.12,100.00,1,0.005000,0.000400,0.000500,583,2022-07-06 15:06:09.140656
101.12,100.00,1,0.005000,0.000400,0.000500,583,2022-07-06 15:06:10.143713
101.12,100.00,1,0.005000,0.000400,0.000500,583,2022-07-06 15:06:11.140770
101.12,100.00,1,0.005000,0.000400,0.000500,583,2022-07-06 15:06:12.140827
101.12,100.00,1,0.005000,0.000400,0.000500,583,2022-07-06 15:06:13.140884
101.12,100.00,1,0.005000,0.000400,0.000500,583,2022-07-06 15:06:14.140942
101.12,100.00,1,0.005000,0.000400,0.000500,583,2022-07-06 15:06:15.140999
101.12,100.00,1,0.005000,0.000400,0.000500,586,2022-07-06 15:06:16.141056
101.12,100.00,1,0.005000,0.000400,0.000500,586,2022-07-06 15:06:17.140113
101.12,100.00,1,0.005000,0.000400,0.000500,586,2022-07-06 15:06:18.140170
101.12,100.00,1,0.005000,0.000400,0.000500,586,2022-07-06 15:06:19.140228
101.12,100.00,1,0.005000,0.000400,0.000500,586,2022-07-06 15:06:20.140285
101.12,100.00,1,0.005000,0.000400,0.000500,586,2022-07-06 15:06:21.140342
101.12,100.00,1,0.005000,0.000400,0.000500,586,2022-07-06 15:06:22.140399
101.12,100.00,1,0.005000,0.000400,0.000500,586,2022-07-06 15:06:23.140456
101.12,100.00,1,0.005000,0.000400,0.000500,586,2022-07-06 15:06:24.140514
101.12,100.00,1,0.005000,0.000400,0.000500,586,2022-07-06 15:06:25.140571
101.12,100.00,1,0.005000,0.000400,0.000500,586,2022-07-06 15:06:26.140628
101.12,100.00,1,0.005000,0.000400,0.000500,586,2022-07-06 15:06:27.142685
101.12,100.00,1,0.005000,0.000400,0.000500,586,2022-07-06 15:06:28.140742
101.12,100.00,1,0.005000,0.000400,0.000500,586,2022-07-06 15:06:29.140800
101.12,100.00,1,0.005000,0.000400,0.000500,586,2022-07-06 15:06:30.144857
101.12,100.00,1,0.005000,0.000400,0.000500,586,2022-07-06 15:06:31.143914
101.12,100.00,1,0.005000,0.000400,0.000500,586,2022-07-06 15:06:32.139971
101.12,100.00,1,0.005000,0.000400,0.000500,586,2022-07-06 15:06:33.140028
101.12,100.00,1,0.005000,0.000400,0.000500,586,2022-07-06 15:06:34.140086
101.12,100.00,1,0.005000,0.000400,0.000500,586,2022-07-06 15:06:35.140143
101.12,100.00,1,0.005000,0.000400,0.000500,586,2022-07-06 15:06:36.140200
101.12,100.00,1,0.005000,0.000400,0.000500,586,2022-07-06 15:06:37.144257
101.12,100.00,1,0.005000,0.000400,0.000500,586,2022-07-06 15:06:38.144315
101.12,100.00,1,0.005000,0.000400,0.000500,589,2022-07-06 15:06:39.140372
101.12,100.00,1,0.005000,0.000400,0.000500,589,2022-07-06 15:06:40.140429
101.12,100.00,1,0.005000,0.000400,0.000500,589,2022-07-06 15:06:41.151487
101.12,100.00,1,0.005000,0.000400,0.000500,589,2022-07-06 15:06:42.140543
101.12,100.00,1,0.005000,0.000400,0.000500,589,2022-07-06 15:06:43.140600
101.12,100.00,1,0.005000,0.000400,0.000500,589,2022-07-06 15:06:44.140658
101.12,100.00,1,0.005000,0.000400,0.000500,589,2022-07-06 15:06:45.140715
101.12,100.00,1,0.005000,0.000400,0.000500,589,2022-07-06 15:06:46.143772
101.12,100.00,1,0.005000,0.000400,0.000500,589,2022-07-06 15:06:47.139829
101.12,100.00,1,0.005000,0.000400,0.000500,589,2022-07-06 15:06:48.139886
101.12,100.00,1,0.005000,0.000400,0.000500,589,2022-07-06 15:06:49.139943
101.12,100.00,1,0.005000,0.000400,0.000500,589,2022-07-06 15:06:50.140001
101.12,100.00,1,0.005000,0.000400,0.000500,589,2022-07-06 15:06:51.142058
101.12,100.00,1,0.005000,0.000400,0.000500,589,2022-07-06 15:06:52.146115
101.12,100.00,1,0.005000,0.000400,0.000500,589,2022-07-06 15:06:53.153173
101.12,100.00,1,0.005000,0.000400,0.000500,589,2022-07-06 15:06:54.140229
101.12,100.00,1,0.005000,0.000400,0.000500,589,2022-07-06 15:06:55.147287
101.12,100.00,1,0.005000,0.000400,0.000500,589,2022-07-06 15:06:56.143344
101.12,100.00,1,0.005000,0.000400,0.000500,589,2022-07-06 15:06:57.141401
101.12,100.00,1,0.005000,0.000400,0.000500,589,2022-07-06 15:06:58.144459
101.12,100.00,1,0.005000,0.000400,0.000500,589,2022-07-06 15:06:59.145516
101.12,100.00,1,0.005000,0.000400,0.000500,589,2022-07-06 15:07:00.142573
101.12,100.00,1,0.005000,0.000400,0.000500,592,2022-07-06 15:07:01.142630
101.12,100.00,1,0.005000,0.000400,0.000500,592,2022-07-06 15:07:02.139687
101.12,100.00,1,0.005000,0.000400,0.000500,592,2022-07-06 15:07:03.144745
101.12,100.00,1,0.005000,0.000400,0.000500,592,2022-07-06 15:07:04.139801
101.12,100.00,1,0.005000,0.000400,0.000500,592,2022-07-06 15:07:05.139859
101.12,100.00,1,0.005000,0.000400,0.000500,592,2022-07-06 15:07:06.139916
101.12,100.00,1,0.005000,0.000400,0.000500,592,2022-07-06 15:07:07.139973
101.12,100.00,1,0.005000,0.000400,0.000500,592,2022-07-06 15:07:08.146031
101.12,100.00,1,0.005000,0.000400,0.000500,592,2022-07-06 15:07:09.148088
101.12,100.00,1,0.005000,0.000400,0.000500,592,2022-07-06 15:07:10.144145
101.12,100.00,1,0.005000,0.000400,0.000500,592,2022-07-06 15:07:11.143202
101.12,100.00,1,0.005000,0.000400,0.000500,592,2022-07-06 15:07:12.140259
101.12,100.00,1,0.005000,0.000400,0.000500,592,2022-07-06 15:07:13.140316
101.12,100.00,1,0.005000,0.000400,0.000500,592,2022-07-06 15:07:14.151374
101.12,100.00,1,0.005000,0.000400,0.000500,592,2022-07-06 15:07:15.149431
101.12,100.00,1,0.005000,0.000400,0.000500,592,2022-07-06 15:07:16.163489
101.12,100.00,1,0.005000,0.000400,0.000500,592,2022-07-06 15:07:17.139545
101.12,100.00,1,0.005000,0.000400,0.000500,592,2022-07-06 15:07:18.140602
101.12,100.00,1,0.005000,0.000400,0.000500,592,2022-07-06 15:07:19.144660
101.12,100.00,1,0.005000,0.000400,0.000500,592,2022-07-06 15:07:20.143717
101.12,100.00,1,0.005000,0.000400,0.000500,592,2022-07-06 15:07:21.140774
101.12,100.00,1,0.005000,0.000400,0.000500,592,2022-07-06 15:07:22.139831
101.12,100.00,1,0.005000,0.000400,0.000500,592,2022-07-06 15:07:23.139888
101.12,100.00,1,0.005000,0.000400,0.000500,596,2022-07-06 15:07:24.139945
101.12,100.00,1,0.005000,0.000400,0.000500,596,2022-07-06 15:07:25.140003
101.12,100.00,1,0.005000,0.000400,0.000500,596,2022-07-06 15:07:26.140060
101.12,100.00,1,0.005000,0.000400,0.000500,596,2022-07-06 15:07:27.141117
101.12,100.00,1,0.005000,0.000400,0.000500,596,2022-07-06 15:07:28.140174
101.12,100.00,1,0.005000,0.000400,0.000500,596,2022-07-06 15:07:29.139231
101.12,100.00,1,0.005000,0.000400,0.000500,596,2022-07-06 15:07:30.140289
101.12,100.00,1,0.005000,0.000400,0.000500,596,2022-07-06 15:07:31.144346
101.12,100.00,1,0.005000,0.000400,0.000500,596,2022-07-06 15:07:32.139403
101.12,100.00,1,0.005000,0.000400,0.000500,596,2022-07-06 15:07:33.139460
101.12,100.00,1,0.005000,0.000400,0.000500,596,2022-07-06 15:07:34.139517
101.12,100.00,1,0.005000,0.000400,0.000500,596,2022-07-06 15:07:35.139575
101.12,100.00,1,0.005000,0.000400,0.000500,596,2022-07-06 15:07:36.139632
101.12,100.00,1,0.005000,0.000400,0.000500,596,2022-07-06 15:07:37.139689
101.12,100.00,1,0.005000,0.000400,0.000500,596,2022-07-06 15:07:38.139746
101.12,100.00,1,0.005000,0.000400,0.000500,596,2022-07-06 15:07:39.139803
101.12,100.00,1,0.005000,0.000400,0.000500,596,2022-07-06 15:07:40.139861
101.12,100.00,1,0.005000,0.000400,0.000500,596,2022-07-06 15:07:41.139918
101.12,100.00,1,0.005000,0.000400,0.000500,596,2022-07-06 15:07:42.139975
101.12,100.00,1,0.005000,0.000400,0.000500,596,2022-07-06 15:07:43.140032
101.12,100.00,1,0.005000,0.000400,0.000500,596,2022-07-06 15:07:44.140089
101.12,100.00,1,0.005000,0.000400,0.000500,596,2022-07-06 15:07:45.139146
101.12,100.00,1,0.005000,0.000400,0.000500,599,2022-07-06 15:07:46.139204
101.12,100.00,1,0.005000,0.000400,0.000500,599,2022-07-06 15:07:47.139261
101.12,100.00,1,0.005000,0.000400,0.000500,599,2022-07-06 15:07:48.141318
101.12,100.00,1,0.005000,0.000400,0.000500,599,2022-07-06 15:07:49.139375
101.12,100.00,1,0.005000,0.000400,0.000500,599,2022-07-06 15:07:50.139432
101.12,100.00,1,0.005000,0.000400,0.000500,599,2022-07-06 15:07:51.139490
101.12,100.00,1,0.005000,0.000400,0.000500,599,2022-07-06 15:07:52.139547
101.12,100.00,1,0.005000,0.000400,0.000500,599,2022-07-06 15:07:53.138604
101.12,100.00,1,0.005000,0.000400,0.000500,599,2022-07-06 15:07:54.138661
101.12,100.00,1,0.005000,0.000400,0.000500,599,2022-07-06 15:07:55.138718
101.12,100.00,1,0.005000,0.000400,0.000500,599,2022-07-06 15:07:56.138776
101.12,100.00,1,0.005000,0.000400,0.000500,599,2022-07-06 15:07:57.138833
101.12,100.00,1,0.005000,0.000400,0.000500,599,2022-07-06 15:07:58.138890
101.12,100.00,1,0.005000,0.000400,0.000500,599,2022-07-06 15:07:59.138947
101.12,100.00,1,0.005000,0.000400,0.000500,599,2022-07-06 15:08:00.139004
101.12,100.00,1,0.005000,0.000400,0.000500,599,2022-07-06 15:08:01.139062
101.12,100.00,1,0.005000,0.000400,0.000500,599,2022-07-06 15:08:02.139119
101.12,100.00,1,0.005000,0.000400,0.000500,599,2022-07-06 15:08:03.139176
101.12,100.00,1,0.005000,0.000400,0.000500,599,2022-07-06 15:08:04.139233
101.12,100.00,1,0.005000,0.000400,0.000500,599,2022-07-06 15:08:05.139290
101.12,100.00,1,0.005000,0.000400,0.000500,599,2022-07-06 15:08:06.139348
101.12,100.00,1,0.005000,0.000400,0.000500,599,2022-07-06 15:08:07.139405
101.12,100.00,1,0.005000,0.000400,0.000500,602,2022-07-06 15:08:08.139462
101.12,100.00,1,0.005000,0.000400,0.000500,602,2022-07-06 15:08:09.138519
101.12,100.00,1,0.005000,0.000400,0.000500,602,2022-07-06 15:08:10.138576
101.12,100.00,1,0.005000,0.000400,0.000500,602,2022-07-06 15:08:11.138634
101.12,100.00,1,0.005000,0.000400,0.000500,602,2022-07-06 15:08:12.138691
101.12,100.00,1,0.005000,0.000400,0.000500,602,2022-07-06 15:08:13.138748
101.12,100.00,1,0.005000,0.000400,0.000500,602,2022-07-06 15:08:14.138805
101.12,100.00,1,0.005000,0.000400,0.000500,602,2022-07-06 15:08:15.138862
101.12,100.00,1,0.005000,0.000400,0.000500,602,2022-07-06 15:08:16.138920
101.12,100.00,1,0.005000,0.000400,0.000500,602,2022-07-06 15:08:17.138977
101.12,100.00,1,0.005000,0.000400,0.000500,602,2022-07-06 15:08:18.140034
101.12,100.00,1,0.005000,0.000400,0.000500,602,2022-07-06 15:08:19.140091
101.12,100.00,1,0.005000,0.000400,0.000500,602,2022-07-06 15:08:20.139148
101.12,100.00,1,0.005000,0.000400,0.000500,602,2022-07-06 15:08:21.138205
101.12,100.00,1,0.005000,0.000400,0.000500,602,2022-07-06 15:08:22.138263
101.12,100.00,1,0.005000,0.000400,0.000500,602,2022-07-06 15:08:23.138320
101.12,100.00,1,0.005000,0.000400,0.000500,602,2022-07-06 15:08:24.142377
101.12,100.00,1,0.005000,0.000400,0.000500,602,2022-07-06 15:08:25.138434
101.12,100.00,1,0.005000,0.000400,0.000500,602,2022-07-06 15:08:26.138491
101.12,100.00,1,0.005000,0.000400,0.000500,602,2022-07-06 15:08:27.138549
101.12,100.00,1,0.005000,0.000400,0.000500,602,2022-07-06 15:08:28.138606
101.12,100.00,1,0.005000,0.000400,0.000500,602,2022-07-06 15:08:29.144663
101.12,100.00,1,0.005000,0.000400,0.000500,602,2022-07-06 15:08:30.138720
101.12,100.00,1,0.005000,0.000400,0.000500,605,2022-07-06 15:08:31.138777
101.12,100.00,1,0.005000,0.000400,0.000500,605,2022-07-06 15:08:32.138835
101.12,100.00,1,0.005000,0.000400,0.000500,605,2022-07-06 15:08:33.138892
101.12,100.00,1,0.005000,0.000400,0.000500,605,2022-07-06 15:08:34.138949
101.12,100.00,1,0.005000,0.000400,0.000500,605,2022-07-06 15:08:35.144007
101.12,100.00,1,0.005000,0.000400,0.000500,605,2022-07-06 15:08:36.138063
101.12,100.00,1,0.005000,0.000400,0.000500,605,2022-07-06 15:08:37.138121
101.12,100.00,1,0.005000,0.000400,0.000500,605,2022-07-06 15:08:38.138178
101.12,100.00,1,0.005000,0.000400,0.000500,605,2022-07-06 15:08:39.138235
101.12,100.00,1,0.005000,0.000400,0.000500,605,2022-07-06 15:08:40.138292
101.12,100.00,1,0.005000,0.000400,0.000500,605,2022-07-06 15:08:41.138349
101.12,100.00,1,0.005000,0.000400,0.000500,605,2022-07-06 15:08:42.138407
101.12,100.00,1,0.005000,0.000400,0.000500,605,2022-07-06 15:08:43.141464
101.12,100.00,1,0.005000,0.000400,0.000500,605,2022-07-06 15:08:44.138521
101.12,100.00,1,0.005000,0.000400,0.000500,605,2022-07-06 15:08:45.138578
101.12,100.00,1,0.005000,0.000400,0.000500,605,2022-07-06 15:08:46.138635
101.12,100.00,1,0.005000,0.000400,0.000500,605,2022-07-06 15:08:47.141693
101.12,100.00,1,0.005000,0.000400,0.000500,605,2022-07-06 15:08:48.141750
101.12,100.00,1,0.005000,0.000400,0.000500,605,2022-07-06 15:08:49.137807
101.12,100.00,1,0.005000,0.000400,0.000500,605,2022-07-06 15:08:50.137864
101.12,100.00,1,0.005000,0.000400,0.000500,605,2022-07-06 15:08:51.137921
101.12,100.00,1,0.005000,0.000400,0.000500,605,2022-07-06 15:08:52.140979
101.12,100.00,1,0.005000,0.000400,0.000500,608,2022-07-06 15:08:53.138036
101.12,100.00,1,0.005000,0.000400,0.000500,608,2022-07-06 15:08:54.138093
101.12,100.00,1,0.005000,0.000400,0.000500,608,2022-07-06 15:08:55.138150
101.12,100.00,1,0.005000,0.000400,0.000500,608,2022-07-06 15:08:56.138207
101.12,100.00,1,0.005000,0.000400,0.000500,608,2022-07-06 15:08:57.138265
101.12,100.00,1,0.005000,0.000400,0.000500,608,2022-07-06 15:08:58.138322
101.12,100.00,1,0.005000,0.000400,0.000500,608,2022-07-06 15:08:59.138379
101.12,100.00,1,0.005000,0.000400,0.000500,608,2022-07-06 15:09:00.138436
101.12,100.00,1,0.005000,0.000400,0.000500,608,2022-07-06 15:09:01.138493
101.12,100.00,1,0.005000,0.000400,0.000500,608,2022-07-06 15:09:02.138551
101.12,100.00,1,0.005000,0.000400,0.000500,608,2022-07-06 15:09:03.138608
101.12,100.00,1,0.005000,0.000400,0.000500,608,2022-07-06 15:09:04.138665
101.12,100.00,1,0.005000,0.000400,0.000500,608,2022-07-06 15:09:05.139722
101.12,100.00,1,0.005000,0.000400,0.000500,608,2022-07-06 15:09:06.137779
101.12,100.00,1,0.005000,0.000400,0.000500,608,2022-07-06 15:09:07.137837
101.12,100.00,1,0.005000,0.000400,0.000500,608,2022-07-06 15:09:08.137894
101.12,100.00,1,0.005000,0.000400,0.000500,608,2022-07-06 15:09:09.140951
101.12,100.00,1,0.005000,0.000400,0.000500,608,2022-07-06 15:09:10.138008
101.12,100.00,1,0.005000,0.000400,0.000500,608,2022-07-06 15:09:11.138065
101.12,100.00,1,0.005000,0.000400,0.000500,608,2022-07-06 15:09:12.138123
101.12,100.00,1,0.005000,0.000400,0.000500,608,2022-07-06 15:09:13.138180
101.12,100.00,1,0.005000,0.000400,0.000500,608,2022-07-06 15:09:14.137237
101.12,100.00,1,0.005000,0.000400,0.000500,608,2022-07-06 15:09:15.138294
101.12,100.00,1,0.005000,0.000400,0.000500,612,2022-07-06 15:09:16.141351
101.12,100.00,1,0.005000,0.000400,0.000500,612,2022-07-06 15:09:17.137408
101.12,100.00,1,0.005000,0.000400,0.000500,612,2022-07-06 15:09:18.137466
101.12,100.00,1,0.005000,0.000400,0.000500,612,2022-07-06 15:09:19.137523
101.12,100.00,1,0.005000,0.000400,0.000500,612,2022-07-06 15:09:20.139580
101.12,100.00,1,0.005000,0.000400,0.000500,612,2022-07-06 15:09:21.137637
101.12,100.00,1,0.005000,0.000400,0.000500,612,2022-07-06 15:09:22.137694
101.12,100.00,1,0.005000,0.000400,0.000500,612,2022-07-06 15:09:23.137752
101.12,100.00,1,0.005000,0.000400,0.000500,612,2022-07-06 15:09:24.137809
101.12,100.00,1,0.005000,0.000400,0.000500,612,2022-07-06 15:09:25.137866
101.12,100.00,1,0.005000,0.000400,0.000500,612,2022-07-06 15:09:26.137923
101.12,100.00,1,0.005000,0.000400,0.000500,612,2022-07-06 15:09:27.137980
101.12,100.00,1,0.005000,0.000400,0.000500,612,2022-07-06 15:09:28.138038
101.12,100.00,1,0.005000,0.000400,0.000500,612,2022-07-06 15:09:29.138095
101.12,100.00,1,0.005000,0.000400,0.000500,612,2022-07-06 15:09:30.138152
101.12,100.00,1,0.005000,0.000400,0.000500,612,2022-07-06 15:09:31.138209
101.12,100.00,1,0.005000,0.000400,0.000500,612,2022-07-06 15:09:32.137266
101.12,100.00,1,0.005000,0.000400,0.000500,612,2022-07-06 15:09:33.137324
101.12,100.00,1,0.005000,0.000400,0.000500,612,2022-07-06 15:09:34.137381
101.12,100.00,1,0.005000,0.000400,0.000500,612,2022-07-06 15:09:35.137438
101.12,100.00,1,0.005000,0.000400,0.000500,612,2022-07-06 15:09:36.137495
101.12,100.00,1,0.005000,0.000400,0.000500,612,2022-07-06 15:09:37.137552
101.12,100.00,1,0.005000,0.000400,0.000500,615,2022-07-06 15:09:38.137610
101.12,100.00,1,0.005000,0.000400,0.000500,615,2022-07-06 15:09:39.141667
101.12,100.00,1,0.005000,0.000400,0.000500,615,2022-07-06 15:09:40.137724
101.12,100.00,1,0.005000,0.000400,0.000500,615,2022-07-06 15:09:41.137781
101.12,100.00,1,0.005000,0.000400,0.000500,615,2022-07-06 15:09:42.137838
101.12,100.00,1,0.005000,0.000400,0.000500,615,2022-07-06 15:09:43.136896
101.12,100.00,1,0.005000,0.000400,0.000500,615,2022-07-06 15:09:44.136953
101.12,100.00,1,0.005000,0.000400,0.000500,615,2022-07-06 15:09:45.137010
101.12,100.00,1,0.005000,0.000400,0.000500,615,2022-07-06 15:09:46.137067
101.12,100.00,1,0.005000,0.000400,0.000500,615,2022-07-06 15:09:47.137124
101.12,100.00,1,0.005000,0.000400,0.000500,615,2022-07-06 15:09:48.137182
101.12,100.00,1,0.005000,0.000400,0.000500,615,2022-07-06 15:09:49.137239
101.12,100.00,1,0.005000,0.000400,0.000500,615,2022-07-06 15:09:50.137296
101.12,100.00,1,0.005000,0.000400,0.000500,615,2022-07-06 15:09:51.137353
101.12,100.00,1,0.005000,0.000400,0.000500,615,2022-07-06 15:09:52.137410
101.12,100.00,1,0.005000,0.000400,0.000500,615,2022-07-06 15:09:53.137468
101.12,100.00,1,0.005000,0.000400,0.000500,615,2022-07-06 15:09:54.137525
101.12,100.00,1,0.005000,0.000400,0.000500,615,2022-07-06 15:09:55.137582
101.12,100.00,1,0.005000,0.000400,0.000500,615,2022-07-06 15:09:56.142639
101.12,100.00,1,0.005000,0.000400,0.000500,615,2022-07-06 15:09:57.137696
101.12,100.00,1,0.005000,0.000400,0.000500,615,2022-07-06 15:09:58.137754
101.12,100.00,1,0.005000,0.000400,0.000500,615,2022-07-06 15:09:59.136811
101.12,100.00,1,0.005000,0.000400,0.000500,618,2022-07-06 15:10:00.136868
101.12,100.00,1,0.005000,0.000400,0.000500,618,2022-07-06 15:10:01.136925
101.12,100.00,1,0.005000,0.000400,0.000500,618,2022-07-06 15:10:02.136982
101.12,100.00,1,0.005000,0.000400,0.000500,618,2022-07-06 15:10:03.137039
101.12,100.00,1,0.005000,0.000400,0.000500,618,2022-07-06 15:10:04.137097
101.12,100.00,1,0.005000,0.000400,0.000500,618,2022-07-06 15:10:05.137154
101.12,100.00,1,0.005000,0.000400,0.000500,618,2022-07-06 15:10:06.137211
101.12,100.00,1,0.005000,0.000400,0.000500,618,2022-07-06 15:10:07.137268
101.12,100.00,1,0.005000,0.000400,0.000500,618,2022-07-06 15:10:08.137325
101.12,100.00,1,0.005000,0.000400,0.000500,618,2022-07-06 15:10:09.137383
101.12,100.00,1,0.005000,0.000400,0.000500,618,2022-07-06 15:10:10.137440
101.12,100.00,1,0.005000,0.000400,0.000500,618,2022-07-06 15:10:11.136497
101.12,100.00,1,0.005000,0.000400,0.000500,618,2022-07-06 15:10:12.136554
101.12,100.00,1,0.005000,0.000400,0.000500,618,2022-07-06 15:10:13.140612
101.12,100.00,1,0.005000,0.000400,0.000500,618,2022-07-06 15:10:14.136669
101.12,100.00,1,0.005000,0.000400,0.000500,618,2022-07-06 15:10:15.136726
101.12,100.00,1,0.005000,0.000400,0.000500,618,2022-07-06 15:10:16.136783
101.12,100.00,1,0.005000,0.000400,0.000500,618,2022-07-06 15:10:17.136840
101.12,100.00,1,0.005000,0.000400,0.000500,618,2022-07-06 15:10:18.136897
101.12,100.00,1,0.005000,0.000400,0.000500,618,2022-07-06 15:10:19.136955
101.12,100.00,1,0.005000,0.000400,0.000500,618,2022-07-06 15:10:20.137012
101.12,100.00,1,0.005000,0.000400,0.000500,618,2022-07-06 15:10:21.137069
101.12,100.00,1,0.005000,0.000400,0.000500,618,2022-07-06 15:10:22.137126
101.12,100.00,1,0.005000,0.000400,0.000500,621,2022-07-06 15:10:23.137183
101.12,100.00,1,0.005000,0.000400,0.000500,621,2022-07-06 15:10:24.137241
101.12,100.00,1,0.005000,0.000400,0.000500,621,2022-07-06 15:10:25.137298
101.12,100.00,1,0.005000,0.000400,0.000500,621,2022-07-06 15:10:26.138355
101.12,100.00,1,0.005000,0.000400,0.000500,621,2022-07-06 15:10:27.136412
101.12,100.00,1,0.005000,0.000400,0.000500,621,2022-07-06 15:10:28.136469
101.12,100.00,1,0.005000,0.000400,0.000500,621,2022-07-06 15:10:29.136527
101.12,100.00,1,0.005000,0.000400,0.000500,621,2022-07-06 15:10:30.140584
101.12,100.00,1,0.005000,0.000400,0.000500,621,2022-07-06 15:10:31.136641
101.12,100.00,1,0.005000,0.000400,0.000500,621,2022-07-06 15:10:32.138698
101.12,100.00,1,0.005000,0.000400,0.000500,621,2022-07-06 15:10:33.136755
101.12,100.00,1,0.005000,0.000400,0.000500,621,2022-07-06 15:10:34.140813
101.12,100.00,1,0.005000,0.000400,0.000500,621,2022-07-06 15:10:35.136870
101.12,100.00,1,0.005000,0.000400,0.000500,621,2022-07-06 15:10:36.136927
101.12,100.00,1,0.005000,0.000400,0.000500,621,2022-07-06 15:10:37.136984
101.12,100.00,1,0.005000,0.000400,0.000500,621,2022-07-06 15:10:38.139041
101.12,100.00,1,0.005000,0.000400,0.000500,621,2022-07-06 15:10:39.137099
101.12,100.00,1,0.005000,0.000400,0.000500,621,2022-07-06 15:10:40.136156
101.12,100.00,1,0.005000,0.000400,0.000500,621,2022-07-06 15:10:41.136213
101.12,100.00,1,0.005000,0.000400,0.000500,621,2022-07-06 15:10:42.136270
101.12,100.00,1,0.005000,0.000400,0.000500,621,2022-07-06 15:10:43.137327
101.12,100.00,1,0.005000,0.000400,0.000500,621,2022-07-06 15:10:44.136385
101.12,100.00,1,0.005000,0.000400,0.000500,624,2022-07-06 15:10:45.136442
101.12,100.00,1,0.005000,0.000400,0.000500,624,2022-07-06 15:10:46.136499
101.12,100.00,1,0.005000,0.000400,0.000500,624,2022-07-06 15:10:47.136556
101.12,100.00,1,0.005000,0.000400,0.000500,624,2022-07-06 15:10:48.136613
101.12,100.00,1,0.005000,0.000400,0.000500,624,2022-07-06 15:10:49.136671
101.12,100.00,1,0.005000,0.000400,0.000500,624,2022-07-06 15:10:50.136728
101.12,100.00,1,0.005000,0.000400,0.000500,624,2022-07-06 15:10:51.136785
101.12,100.00,1,0.005000,0.000400,0.000500,624,2022-07-06 15:10:52.135842
101.12,100.00,1,0.005000,0.000400,0.000500,624,2022-07-06 15:10:53.136899
101.12,100.00,1,0.005000,0.000400,0.000500,624,2022-07-06 15:10:54.135956
101.12,100.00,1,0.005000,0.000400,0.000500,624,2022-07-06 15:10:55.136014
101.12,100.00,1,0.005000,0.000400,0.000500,624,2022-07-06 15:10:56.161072
101.12,100.00,1,0.005000,0.000400,0.000500,624,2022-07-06 15:10:57.136128
101.12,100.00,1,0.005000,0.000400,0.000500,624,2022-07-06 15:10:58.141186
101.12,100.00,1,0.005000,0.000400,0.000500,624,2022-07-06 15:10:59.136242
101.12,100.00,1,0.005000,0.000400,0.000500,624,2022-07-06 15:11:00.136300
101.12,100.00,1,0.005000,0.000400,0.000500,624,2022-07-06 15:11:01.136357
101.12,100.00,1,0.005000,0.000400,0.000500,624,2022-07-06 15:11:02.136414
101.12,100.00,1,0.005000,0.000400,0.000500,624,2022-07-06 15:11:03.136471
101.12,100.00,1,0.005000,0.000400,0.000500,624,2022-07-06 15:11:04.136528
101.12,100.00,1,0.005000,0.000400,0.000500,624,2022-07-06 15:11:05.135586
101.12,100.00,1,0.005000,0.000400,0.000500,624,2022-07-06 15:11:06.136643
101.12,100.00,1,0.005000,0.000400,0.000500,624,2022-07-06 15:11:07.136700
101.12,100.00,1,0.005000,0.000400,0.000500,628,2022-07-06 15:11:08.135757
101.12,100.00,1,0.005000,0.000400,0.000500,628,2022-07-06 15:11:09.135814
101.12,100.00,1,0.005000,0.000400,0.000500,628,2022-07-06 15:11:10.135872
101.12,100.00,1,0.005000,0.000400,0.000500,628,2022-07-06 15:11:11.135929
101.12,100.00,1,0.005000,0.000400,0.000500,628,2022-07-06 15:11:12.135986
101.12,100.00,1,0.005000,0.000400,0.000500,628,2022-07-06 15:11:13.136043
101.12,100.00,1,0.005000,0.000400,0.000500,628,2022-07-06 15:11:14.136100
101.12,100.00,1,0.005000,0.000400,0.000500,628,2022-07-06 15:11:15.136158
101.12,100.00,1,0.005000,0.000400,0.000500,628,2022-07-06 15:11:16.136215
101.12,100.00,1,0.005000,0.000400,0.000500,628,2022-07-06 15:11:17.137272
101.12,100.00,1,0.005000,0.000400,0.000500,628,2022-07-06 15:11:18.136329
101.12,100.00,1,0.005000,0.000400,0.000500,628,2022-07-06 15:11:19.136386
101.12,100.00,1,0.005000,0.000400,0.000500,628,2022-07-06 15:11:20.136444
101.12,100.00,1,0.005000,0.000400,0.000500,628,2022-07-06 15:11:21.135501
101.12,100.00,1,0.005000,0.000400,0.000500,628,2022-07-06 15:11:22.135558
101.12,100.00,1,0.005000,0.000400,0.000500,628,2022-07-06 15:11:23.135615
101.12,100.00,1,0.005000,0.000400,0.000500,628,2022-07-06 15:11:24.135672
101.12,100.00,1,0.005000,0.000400,0.000500,628,2022-07-06 15:11:25.135730
101.12,100.00,1,0.005000,0.000400,0.000500,628,2022-07-06 15:11:26.135787
101.12,100.00,1,0.005000,0.000400,0.000500,628,2022-07-06 15:11:27.135844
101.12,100.00,1,0.005000,0.000400,0.000500,628,2022-07-06 15:11:28.141901
101.12,100.00,1,0.005000,0.000400,0.000500,628,2022-07-06 15:11:29.135958
101.12,100.00,1,0.005000,0.000400,0.000500,631,2022-07-06 15:11:30.136016
101.12,100.00,1,0.005000,0.000400,0.000500,631,2022-07-06 15:11:31.136073
101.12,100.00,1,0.005000,0.000400,0.000500,631,2022-07-06 15:11:32.136130
101.12,100.00,1,0.005000,0.000400,0.000500,631,2022-07-06 15:11:33.136187
101.12,100.00,1,0.005000,0.000400,0.000500,631,2022-07-06 15:11:34.141245
101.12,100.00,1,0.005000,0.000400,0.000500,631,2022-07-06 15:11:35.136302
101.12,100.00,1,0.005000,0.000400,0.000500,631,2022-07-06 15:11:36.135359
101.12,100.00,1,0.005000,0.000400,0.000500,631,2022-07-06 15:11:37.135416
101.12,100.00,1,0.005000,0.000400,0.000500,631,2022-07-06 15:11:38.135473
101.12,100.00,1,0.005000,0.000400,0.000500,631,2022-07-06 15:11:39.135530
101.12,100.00,1,0.005000,0.000400,0.000500,631,2022-07-06 15:11:40.135587
101.12,100.00,1,0.005000,0.000400,0.000500,631,2022-07-06 15:11:41.136645
101.12,100.00,1,0.005000,0.000400,0.000500,631,2022-07-06 15:11:42.144702
101.12,100.00,1,0.005000,0.000400,0.000500,631,2022-07-06 15:11:43.135759
101.12,100.00,1,0.005000,0.000400,0.000500,631,2022-07-06 15:11:44.135816
101.12,100.00,1,0.005000,0.000400,0.000500,631,2022-07-06 15:11:45.135873
101.12,100.00,1,0.005000,0.000400,0.000500,631,2022-07-06 15:11:46.135931
101.12,100.00,1,0.005000,0.000400,0.000500,631,2022-07-06 15:11:47.137988
101.12,100.00,1,0.005000,0.000400,0.000500,631,2022-07-06 15:11:48.137045
101.12,100.00,1,0.005000,0.000400,0.000500,631,2022-07-06 15:11:49.135102
101.12,100.00,1,0.005000,0.000400,0.000500,631,2022-07-06 15:11:50.135159
101.12,100.00,1,0.005000,0.000400,0.000500,631,2022-07-06 15:11:51.140217
101.12,100.00,1,0.005000,0.000400,0.000500,631,2022-07-06 15:11:52.136274
101.12,100.00,1,0.005000,0.000400,0.000500,634,2022-07-06 15:11:53.135331
101.12,100.00,1,0.005000,0.000400,0.000500,634,2022-07-06 15:11:54.135388
101.12,100.00,1,0.005000,0.000400,0.000500,634,2022-07-06 15:11:55.135445
101.12,100.00,1,0.005000,0.000400,0.000500,634,2022-07-06 15:11:56.135503
101.12,100.00,1,0.005000,0.000400,0.000500,634,2022-07-06 15:11:57.138560
101.12,100.00,1,0.005000,0.000400,0.000500,634,2022-07-06 15:11:58.135617
101.12,100.00,1,0.005000,0.000400,0.000500,634,2022-07-06 15:11:59.135674
101.12,100.00,1,0.005000,0.000400,0.000500,634,2022-07-06 15:12:00.135731
101.12,100.00,1,0.005000,0.000400,0.000500,634,2022-07-06 15:12:01.135789
101.12,100.00,1,0.005000,0.000400,0.000500,634,2022-07-06 15:12:02.135846
101.12,100.00,1,0.005000,0.000400,0.000500,634,2022-07-06 15:12:03.135903
101.12,100.00,1,0.005000,0.000400,0.000500,634,2022-07-06 15:12:04.135960
101.12,100.00,1,0.005000,0.000400,0.000500,634,2022-07-06 15:12:05.135017
101.12,100.00,1,0.005000,0.000400,0.000500,634,2022-07-06 15:12:06.135075
101.12,100.00,1,0.005000,0.000400,0.000500,634,2022-07-06 15:12:07.135132
101.12,100.00,1,0.005000,0.000400,0.000500,634,2022-07-06 15:12:08.137189
101.12,100.00,1,0.005000,0.000400,0.000500,634,2022-07-06 15:12:09.135246
101.12,100.00,1,0.005000,0.000400,0.000500,634,2022-07-06 15:12:10.135303
101.12,100.00,1,0.005000,0.000400,0.000500,634,2022-07-06 15:12:11.135361
101.12,100.00,1,0.005000,0.000400,0.000500,634,2022-07-06 15:12:12.135418
101.12,100.00,1,0.005000,0.000400,0.000500,634,2022-07-06 15:12:13.135475
101.12,100.00,1,0.005000,0.000400,0.000500,634,2022-07-06 15:12:14.135532
101.12,100.00,1,0.005000,0.000400,0.000500,634,2022-07-06 15:12:15.134589
101.12,100.00,1,0.005000,0.000400,0.000500,637,2022-07-06 15:12:16.134647
101.12,100.00,1,0.005000,0.000400,0.000500,637,2022-07-06 15:12:17.134704
101.12,100.00,1,0.005000,0.000400,0.000500,637,2022-07-06 15:12:18.134761
101.12,100.00,1,0.005000,0.000400,0.000500,637,2022-07-06 15:12:19.134818
101.12,100.00,1,0.005000,0.000400,0.000500,637,2022-07-06 15:12:20.134875
101.12,100.00,1,0.005000,0.000400,0.000500,637,2022-07-06 15:12:21.134933
101.12,100.00,1,0.005000,0.000400,0.000500,637,2022-07-06 15:12:22.134990
101.12,100.00,1,0.005000,0.000400,0.000500,637,2022-07-06 15:12:23.135047
101.12,100.00,1,0.005000,0.000400,0.000500,637,2022-07-06 15:12:24.135104
101.12,100.00,1,0.005000,0.000400,0.000500,637,2022-07-06 15:12:25.135161
101.12,100.00,1,0.005000,0.000400,0.000500,637,2022-07-06 15:12:26.135219
101.12,100.00,1,0.005000,0.000400,0.000500,637,2022-07-06 15:12:27.135276
101.12,100.00,1,0.005000,0.000400,0.000500,637,2022-07-06 15:12:28.135333
101.12,100.00,1,0.005000,0.000400,0.000500,637,2022-07-06 15:12:29.135390
101.12,100.00,1,0.005000,0.000400,0.000500,637,2022-07-06 15:12:30.142448
101.12,100.00,1,0.005000,0.000400,0.000500,637,2022-07-06 15:12:31.134504
101.12,100.00,1,0.005000,0.000400,0.000500,637,2022-07-06 15:12:32.134562
101.12,100.00,1,0.005000,0.000400,0.000500,637,2022-07-06 15:12:33.134619
101.12,100.00,1,0.005000,0.000400,0.000500,637,2022-07-06 15:12:34.135676
101.12,100.00,1,0.005000,0.000400,0.000500,637,2022-07-06 15:12:35.134733
101.12,100.00,1,0.005000,0.000400,0.000500,637,2022-07-06 15:12:36.134790
101.12,100.00,1,0.005000,0.000400,0.000500,637,2022-07-06 15:12:37.134848
101.12,100.00,1,0.005000,0.000400,0.000500,640,2022-07-06 15:12:38.135905
101.12,100.00,1,0.005000,0.000400,0.000500,640,2022-07-06 15:12:39.134962
101.12,100.00,1,0.005000,0.000400,0.000500,640,2022-07-06 15:12:40.135019
101.12,100.00,1,0.005000,0.000400,0.000500,640,2022-07-06 15:12:41.135076
101.12,100.00,1,0.005000,0.000400,0.000500,640,2022-07-06 15:12:42.135134
101.12,100.00,1,0.005000,0.000400,0.000500,640,2022-07-06 15:12:43.134191
101.12,100.00,1,0.005000,0.000400,0.000500,640,2022-07-06 15:12:44.134248
101.12,100.00,1,0.005000,0.000400,0.000500,640,2022-07-06 15:12:45.134305
101.12,100.00,1,0.005000,0.000400,0.000500,640,2022-07-06 15:12:46.134362
101.12,100.00,1,0.005000,0.000400,0.000500,640,2022-07-06 15:12:47.134420
101.12,100.00,1,0.005000,0.000400,0.000500,640,2022-07-06 15:12:48.137477
101.12,100.00,1,0.005000,0.000400,0.000500,640,2022-07-06 15:12:49.134534
101.12,100.00,1,0.005000,0.000400,0.000500,640,2022-07-06 15:12:50.134591
101.12,100.00,1,0.005000,0.000400,0.000500,640,2022-07-06 15:12:51.134648
101.12,100.00,1,0.005000,0.000400,0.000500,640,2022-07-06 15:12:52.134706
101.12,100.00,1,0.005000,0.000400,0.000500,640,2022-07-06 15:12:53.134763
101.12,100.00,1,0.005000,0.000400,0.000500,640,2022-07-06 15:12:54.134820
101.12,100.00,1,0.005000,0.000400,0.000500,640,2022-07-06 15:12:55.140878
101.12,100.00,1,0.005000,0.000400,0.000500,640,2022-07-06 15:12:56.133934
101.12,100.00,1,0.005000,0.000400,0.000500,640,2022-07-06 15:12:57.134992
101.12,100.00,1,0.005000,0.000400,0.000500,640,2022-07-06 15:12:58.134049
101.12,100.00,1,0.005000,0.000400,0.000500,640,2022-07-06 15:12:59.137106
101.12,100.00,1,0.005000,0.000400,0.000500,640,2022-07-06 15:13:00.134163
101.12,100.00,1,0.005000,0.000400,0.000500,644,2022-07-06 15:13:01.134220
101.12,100.00,1,0.005000,0.000400,0.000500,644,2022-07-06 15:13:02.134278
101.12,100.00,1,0.005000,0.000400,0.000500,644,2022-07-06 15:13:03.134335
101.12,100.00,1,0.005000,0.000400,0.000500,644,2022-07-06 15:13:04.134392
101.12,100.00,1,0.005000,0.000400,0.000500,644,2022-07-06 15:13:05.134449
101.12,100.00,1,0.005000,0.000400,0.000500,644,2022-07-06 15:13:06.134506
101.12,100.00,1,0.005000,0.000400,0.000500,644,2022-07-06 15:13:07.134564
101.12,100.00,1,0.005000,0.000400,0.000500,644,2022-07-06 15:13:08.136621
101.12,100.00,1,0.005000,0.000400,0.000500,644,2022-07-06 15:13:09.134678
101.12,100.00,1,0.005000,0.000400,0.000500,644,2022-07-06 15:13:10.133735
101.12,100.00,1,0.005000,0.000400,0.000500,644,2022-07-06 15:13:11.133792
101.12,100.00,1,0.005000,0.000400,0.000500,644,2022-07-06 15:13:12.137850
101.12,100.00,1,0.005000,0.000400,0.000500,644,2022-07-06 15:13:13.133907
101.12,100.00,1,0.005000,0.000400,0.000500,644,2022-07-06 15:13:14.133964
101.12,100.00,1,0.005000,0.000400,0.000500,644,2022-07-06 15:13:15.134021
101.12,100.00,1,0.005000,0.000400,0.000500,644,2022-07-06 15:13:16.134078
101.12,100.00,1,0.005000,0.000400,0.000500,644,2022-07-06 15:13:17.134135
101.12,100.00,1,0.005000,0.000400,0.000500,644,2022-07-06 15:13:18.134193
101.12,100.00,1,0.005000,0.000400,0.000500,644,2022-07-06 15:13:19.134250
101.12,100.00,1,0.005000,0.000400,0.000500,644,2022-07-06 15:13:20.134307
101.12,100.00,1,0.005000,0.000400,0.000500,644,2022-07-06 15:13:21.134364
101.12,100.00,1,0.005000,0.000400,0.000500,644,2022-07-06 15:13:22.134421
101.12,100.00,1,0.005000,0.000400,0.000500,647,2022-07-06 15:13:23.133479
101.12,100.00,1,0.005000,0.000400,0.000500,647,2022-07-06 15:13:24.146537
101.12,100.00,1,0.005000,0.000400,0.000500,647,2022-07-06 15:13:25.135593
101.12,100.00,1,0.005000,0.000400,0.000500,647,2022-07-06 15:13:26.133650
101.12,100.00,1,0.005000,0.000400,0.000500,647,2022-07-06 15:13:27.134707
101.12,100.00,1,0.005000,0.000400,0.000500,647,2022-07-06 15:13:28.133765
101.12,100.00,1,0.005000,0.000400,0.000500,647,2022-07-06 15:13:29.138822
101.12,100.00,1,0.005000,0.000400,0.000500,647,2022-07-06 15:13:30.135879
101.12,100.00,1,0.005000,0.000400,0.000500,647,2022-07-06 15:13:31.133936
101.12,100.00,1,0.005000,0.000400,0.000500,647,2022-07-06 15:13:32.133993
101.12,100.00,1,0.005000,0.000400,0.000500,647,2022-07-06 15:13:33.134051
101.12,100.00,1,0.005000,0.000400,0.000500,647,2022-07-06 15:13:34.136108
101.12,100.00,1,0.005000,0.000400,0.000500,647,2022-07-06 15:13:35.134165
101.12,100.00,1,0.005000,0.000400,0.000500,647,2022-07-06 15:13:36.134222
101.12,100.00,1,0.005000,0.000400,0.000500,647,2022-07-06 15:13:37.134279
101.12,100.00,1,0.005000,0.000400,0.000500,647,2022-07-06 15:13:38.134337
101.12,100.00,1,0.005000,0.000400,0.000500,647,2022-07-06 15:13:39.134394
101.12,100.00,1,0.005000,0.000400,0.000500,647,2022-07-06 15:13:40.133451
101.12,100.00,1,0.005000,0.000400,0.000500,647,2022-07-06 15:13:41.133508
101.12,100.00,1,0.005000,0.000400,0.000500,647,2022-07-06 15:13:42.139566
101.12,100.00,1,0.005000,0.000400,0.000500,647,2022-07-06 15:13:43.133623
101.12,100.00,1,0.005000,0.000400,0.000500,647,2022-07-06 15:13:44.133680
101.12,100.00,1,0.005000,0.000400,0.000500,647,2022-07-06 15:13:45.133737
101.12,100.00,1,0.005000,0.000400,0.000500,650,2022-07-06 15:13:46.133794
101.12,100.00,1,0.005000,0.000400,0.000500,650,2022-07-06 15:13:47.133851
101.12,100.00,1,0.005000,0.000400,0.000500,650,2022-07-06 15:13:48.133909
101.12,100.00,1,0.005000,0.000400,0.000500,650,2022-07-06 15:13:49.133966
101.12,100.00,1,0.005000,0.000400,0.000500,650,2022-07-06 15:13:50.134023
101.12,100.00,1,0.005000,0.000400,0.000500,650,2022-07-06 15:13:51.134080
101.12,100.00,1,0.005000,0.000400,0.000500,650,2022-07-06 15:13:52.133137
101.12,100.00,1,0.005000,0.000400,0.000500,650,2022-07-06 15:13:53.133195
101.12,100.00,1,0.005000,0.000400,0.000500,650,2022-07-06 15:13:54.133252
101.12,100.00,1,0.005000,0.000400,0.000500,650,2022-07-06 15:13:55.133309
101.12,100.00,1,0.005000,0.000400,0.000500,650,2022-07-06 15:13:56.133366
101.12,100.00,1,0.005000,0.000400,0.000500,650,2022-07-06 15:13:57.133423
101.12,100.00,1,0.005000,0.000400,0.000500,650,2022-07-06 15:13:58.133481
101.12,100.00,1,0.005000,0.000400,0.000500,650,2022-07-06 15:13:59.133538
101.12,100.00,1,0.005000,0.000400,0.000500,650,2022-07-06 15:14:00.133595
101.12,100.00,1,0.005000,0.000400,0.000500,650,2022-07-06 15:14:01.133652
101.12,100.00,1,0.005000,0.000400,0.000500,650,2022-07-06 15:14:02.133709
101.12,100.00,1,0.005000,0.000400,0.000500,650,2022-07-06 15:14:03.138767
101.12,100.00,1,0.005000,0.000400,0.000500,650,2022-07-06 15:14:04.133824
101.12,100.00,1,0.005000,0.000400,0.000500,650,2022-07-06 15:14:05.133881
101.12,100.00,1,0.005000,0.000400,0.000500,650,2022-07-06 15:14:06.133938
101.12,100.00,1,0.005000,0.000400,0.000500,650,2022-07-06 15:14:07.132995
101.12,100.00,1,0.005000,0.000400,0.000500,653,2022-07-06 15:14:08.133052
101.12,100.00,1,0.005000,0.000400,0.000500,653,2022-07-06 15:14:09.133110
101.12,100.00,1,0.005000,0.000400,0.000500,653,2022-07-06 15:14:10.133167
101.12,100.00,1,0.005000,0.000400,0.000500,653,2022-07-06 15:14:11.133224
101.12,100.00,1,0.005000,0.000400,0.000500,653,2022-07-06 15:14:12.133281
101.12,100.00,1,0.005000,0.000400,0.000500,653,2022-07-06 15:14:13.133338
101.12,100.00,1,0.005000,0.000400,0.000500,653,2022-07-06 15:14:14.133396
101.12,100.00,1,0.005000,0.000400,0.000500,653,2022-07-06 15:14:15.134453
101.12,100.00,1,0.005000,0.000400,0.000500,653,2022-07-06 15:14:16.139510
101.12,100.00,1,0.005000,0.000400,0.000500,653,2022-07-06 15:14:17.133567
101.12,100.00,1,0.005000,0.000400,0.000500,653,2022-07-06 15:14:18.133624
101.12,100.00,1,0.005000,0.000400,0.000500,653,2022-07-06 15:14:19.133682
101.12,100.00,1,0.005000,0.000400,0.000500,653,2022-07-06 15:14:20.132739
101.12,100.00,1,0.005000,0.000400,0.000500,653,2022-07-06 15:14:21.132796
101.12,100.00,1,0.005000,0.000400,0.000500,653,2022-07-06 15:14:22.132853
101.12,100.00,1,0.005000,0.000400,0.000500,653,2022-07-06 15:14:23.132910
101.12,100.00,1,0.005000,0.000400,0.000500,653,2022-07-06 15:14:24.132968
101.12,100.00,1,0.005000,0.000400,0.000500,653,2022-07-06 15:14:25.133025
101.12,100.00,1,0.005000,0.000400,0.000500,653,2022-07-06 15:14:26.133082
101.12,100.00,1,0.005000,0.000400,0.000500,653,2022-07-06 15:14:27.133139
101.12,100.00,1,0.005000,0.000400,0.000500,653,2022-07-06 15:14:28.133196
101.12,100.00,1,0.005000,0.000400,0.000500,653,2022-07-06 15:14:29.133254
101.12,100.00,1,0.005000,0.000400,0.000500,656,2022-07-06 15:14:30.133311
101.12,100.00,1,0.005000,0.000400,0.000500,656,2022-07-06 15:14:31.133368
101.12,100.00,1,0.005000,0.000400,0.000500,656,2022-07-06 15:14:32.132425
101.12,100.00,1,0.005000,0.000400,0.000500,656,2022-07-06 15:14:33.138483
101.12,100.00,1,0.005000,0.000400,0.000500,656,2022-07-06 15:14:34.133540
101.12,100.00,1,0.005000,0.000400,0.000500,656,2022-07-06 15:14:35.132597
101.12,100.00,1,0.005000,0.000400,0.000500,656,2022-07-06 15:14:36.132654
101.12,100.00,1,0.005000,0.000400,0.000500,656,2022-07-06 15:14:37.132711
101.12,100.00,1,0.005000,0.000400,0.000500,656,2022-07-06 15:14:38.132768
101.12,100.00,1,0.005000,0.000400,0.000500,656,2022-07-06 15:14:39.132826
101.12,100.00,1,0.005000,0.000400,0.000500,656,2022-07-06 15:14:40.132883
101.12,100.00,1,0.005000,0.000400,0.000500,656,2022-07-06 15:14:41.132940
101.12,100.00,1,0.005000,0.000400,0.000500,656,2022-07-06 15:14:42.132997
101.12,100.00,1,0.005000,0.000400,0.000500,656,2022-07-06 15:14:43.133054
101.12,100.00,1,0.005000,0.000400,0.000500,656,2022-07-06 15:14:44.137112
101.12,100.00,1,0.005000,0.000400,0.000500,656,2022-07-06 15:14:45.142169
101.12,100.00,1,0.005000,0.000400,0.000500,656,2022-07-06 15:14:46.134226
101.12,100.00,1,0.005000,0.000400,0.000500,656,2022-07-06 15:14:47.133283
101.12,100.00,1,0.005000,0.000400,0.000500,656,2022-07-06 15:14:48.160342
101.12,100.00,1,0.005000,0.000400,0.000500,656,2022-07-06 15:14:49.132397
101.12,100.00,1,0.005000,0.000400,0.000500,656,2022-07-06 15:14:50.139455
101.12,100.00,1,0.005000,0.000400,0.000500,656,2022-07-06 15:14:51.134512
101.12,100.00,1,0.005000,0.000400,0.000500,656,2022-07-06 15:14:52.132569
101.12,100.00,1,0.005000,0.000400,0.000500,660,2022-07-06 15:14:53.132626
101.12,100.00,1,0.005000,0.000400,0.000500,660,2022-07-06 15:14:54.132683
101.12,100.00,1,0.005000,0.000400,0.000500,660,2022-07-06 15:14:55.132741
101.12,100.00,1,0.005000,0.000400,0.000500,660,2022-07-06 15:14:56.132798
101.12,100.00,1,0.005000,0.000400,0.000500,660,2022-07-06 15:14:57.132855
101.12,100.00,1,0.005000,0.000400,0.000500,660,2022-07-06 15:14:58.132912
101.12,100.00,1,0.005000,0.000400,0.000500,660,2022-07-06 15:14:59.132969
101.12,100.00,1,0.005000,0.000400,0.000500,660,2022-07-06 15:15:00.133027
101.12,100.00,1,0.005000,0.000400,0.000500,660,2022-07-06 15:15:01.144085
101.12,100.00,1,0.005000,0.000400,0.000500,660,2022-07-06 15:15:02.132141
101.12,100.00,1,0.005000,0.000400,0.000500,660,2022-07-06 15:15:03.133198
101.12,100.00,1,0.005000,0.000400,0.000500,660,2022-07-06 15:15:04.134256
101.12,100.00,1,0.005000,0.000400,0.000500,660,2022-07-06 15:15:05.132313
101.12,100.00,1,0.005000,0.000400,0.000500,660,2022-07-06 15:15:06.132370
101.12,100.00,1,0.005000,0.000400,0.000500,660,2022-07-06 15:15:07.132427
101.12,100.00,1,0.005000,0.000400,0.000500,660,2022-07-06 15:15:08.132484
101.12,100.00,1,0.005000,0.000400,0.000500,660,2022-07-06 15:15:09.132541
101.12,100.00,1,0.005000,0.000400,0.000500,660,2022-07-06 15:15:10.132599
101.12,100.00,1,0.005000,0.000400,0.000500,660,2022-07-06 15:15:11.132656
101.12,100.00,1,0.005000,0.000400,0.000500,660,2022-07-06 15:15:12.132713
101.12,100.00,1,0.005000,0.000400,0.000500,660,2022-07-06 15:15:13.132770
101.12,100.00,1,0.005000,0.000400,0.000500,660,2022-07-06 15:15:14.136828
101.12,100.00,1,0.005000,0.000400,0.000500,663,2022-07-06 15:15:15.132885
101.12,100.00,1,0.005000,0.000400,0.000500,663,2022-07-06 15:15:16.131942
101.12,100.00,1,0.005000,0.000400,0.000500,663,2022-07-06 15:15:17.131999
101.12,100.00,1,0.005000,0.000400,0.000500,663,2022-07-06 15:15:18.132056
101.12,100.00,1,0.005000,0.000400,0.000500,663,2022-07-06 15:15:19.135114
101.12,100.00,1,0.005000,0.000400,0.000500,663,2022-07-06 15:15:20.132171
101.12,100.00,1,0.005000,0.000400,0.000500,663,2022-07-06 15:15:21.132228
101.12,100.00,1,0.005000,0.000400,0.000500,663,2022-07-06 15:15:22.132285
101.12,100.00,1,0.005000,0.000400,0.000500,663,2022-07-06 15:15:23.132342
101.12,100.00,1,0.005000,0.000400,0.000500,663,2022-07-06 15:15:24.132399
101.12,100.00,1,0.005000,0.000400,0.000500,663,2022-07-06 15:15:25.132457
101.12,100.00,1,0.005000,0.000400,0.000500,663,2022-07-06 15:15:26.132514
101.12,100.00,1,0.005000,0.000400,0.000500,663,2022-07-06 15:15:27.132571
101.12,100.00,1,0.005000,0.000400,0.000500,663,2022-07-06 15:15:28.132628
101.12,100.00,1,0.005000,0.000400,0.000500,663,2022-07-06 15:15:29.132685
101.12,100.00,1,0.005000,0.000400,0.000500,663,2022-07-06 15:15:30.132743
101.12,100.00,1,0.005000,0.000400,0.000500,663,2022-07-06 15:15:31.131800
101.12,100.00,1,0.005000,0.000400,0.000500,663,2022-07-06 15:15:32.131857
101.12,100.00,1,0.005000,0.000400,0.000500,663,2022-07-06 15:15:33.131914
101.12,100.00,1,0.005000,0.000400,0.000500,663,2022-07-06 15:15:34.131971
101.12,100.00,1,0.005000,0.000400,0.000500,663,2022-07-06 15:15:35.132029
101.12,100.00,1,0.005000,0.000400,0.000500,663,2022-07-06 15:15:36.132086
101.12,100.00,1,0.005000,0.000400,0.000500,663,2022-07-06 15:15:37.137143
101.12,100.00,1,0.005000,0.000400,0.000500,666,2022-07-06 15:15:38.230206
101.12,100.00,1,0.005000,0.000400,0.000500,666,2022-07-06 15:15:39.132257
101.12,100.00,1,0.005000,0.000400,0.000500,666,2022-07-06 15:15:40.132315
101.12,100.00,1,0.005000,0.000400,0.000500,666,2022-07-06 15:15:41.132372
101.12,100.00,1,0.005000,0.000400,0.000500,666,2022-07-06 15:15:42.132429
101.12,100.00,1,0.005000,0.000400,0.000500,666,2022-07-06 15:15:43.131486
101.12,100.00,1,0.005000,0.000400,0.000500,666,2022-07-06 15:15:44.131543
101.12,100.00,1,0.005000,0.000400,0.000500,666,2022-07-06 15:15:45.131600
101.12,100.00,1,0.005000,0.000400,0.000500,666,2022-07-06 15:15:46.131658
101.12,100.00,1,0.005000,0.000400,0.000500,666,2022-07-06 15:15:47.131715
101.12,100.00,1,0.005000,0.000400,0.000500,666,2022-07-06 15:15:48.131772
101.12,100.00,1,0.005000,0.000400,0.000500,666,2022-07-06 15:15:49.131829
101.12,100.00,1,0.005000,0.000400,0.000500,666,2022-07-06 15:15:50.131886
101.12,100.00,1,0.005000,0.000400,0.000500,666,2022-07-06 15:15:51.136944
101.12,100.00,1,0.005000,0.000400,0.000500,666,2022-07-06 15:15:52.132001
101.12,100.00,1,0.005000,0.000400,0.000500,666,2022-07-06 15:15:53.132058
101.12,100.00,1,0.005000,0.000400,0.000500,666,2022-07-06 15:15:54.136115
101.12,100.00,1,0.005000,0.000400,0.000500,666,2022-07-06 15:15:55.132172
101.12,100.00,1,0.005000,0.000400,0.000500,666,2022-07-06 15:15:56.132230
101.12,100.00,1,0.005000,0.000400,0.000500,666,2022-07-06 15:15:57.134287
101.12,100.00,1,0.005000,0.000400,0.000500,666,2022-07-06 15:15:58.132344
101.12,100.00,1,0.005000,0.000400,0.000500,666,2022-07-06 15:15:59.135401
101.12,100.00,1,0.005000,0.000400,0.000500,669,2022-07-06 15:16:00.131458
101.12,100.00,1,0.005000,0.000400,0.000500,669,2022-07-06 15:16:01.131516
101.12,100.00,1,0.005000,0.000400,0.000500,669,2022-07-06 15:16:02.131573
101.12,100.00,1,0.005000,0.000400,0.000500,669,2022-07-06 15:16:03.131630
101.12,100.00,1,0.005000,0.000400,0.000500,669,2022-07-06 15:16:04.156689
101.12,100.00,1,0.005000,0.000400,0.000500,669,2022-07-06 15:16:05.131744
101.12,100.00,1,0.005000,0.000400,0.000500,669,2022-07-06 15:16:06.131802
101.12,100.00,1,0.005000,0.000400,0.000500,669,2022-07-06 15:16:07.133859
101.12,100.00,1,0.005000,0.000400,0.000500,669,2022-07-06 15:16:08.131916
101.12,100.00,1,0.005000,0.000400,0.000500,669,2022-07-06 15:16:09.131973
101.12,100.00,1,0.005000,0.000400,0.000500,669,2022-07-06 15:16:10.131030
101.12,100.00,1,0.005000,0.000400,0.000500,669,2022-07-06 15:16:11.135088
101.12,100.00,1,0.005000,0.000400,0.000500,669,2022-07-06 15:16:12.131145
101.12,100.00,1,0.005000,0.000400,0.000500,669,2022-07-06 15:16:13.131202
101.12,100.00,1,0.005000,0.000400,0.000500,669,2022-07-06 15:16:14.131259
101.12,100.00,1,0.005000,0.000400,0.000500,669,2022-07-06 15:16:15.131316
101.12,100.00,1,0.005000,0.000400,0.000500,669,2022-07-06 15:16:16.131374
101.12,100.00,1,0.005000,0.000400,0.000500,669,2022-07-06 15:16:17.131431
101.12,100.00,1,0.005000,0.000400,0.000500,669,2022-07-06 15:16:18.131488
101.12,100.00,1,0.005000,0.000400,0.000500,669,2022-07-06 15:16:19.137545
101.12,100.00,1,0.005000,0.000400,0.000500,669,2022-07-06 15:16:20.155604
101.12,100.00,1,0.005000,0.000400,0.000500,669,2022-07-06 15:16:21.131660
101.12,100.00,1,0.005000,0.000400,0.000500,669,2022-07-06 15:16:22.131717
101.12,100.00,1,0.005000,0.000400,0.000500,672,2022-07-06 15:16:23.131774
101.12,100.00,1,0.005000,0.000400,0.000500,672,2022-07-06 15:16:24.131831
101.12,100.00,1,0.005000,0.000400,0.000500,672,2022-07-06 15:16:25.130888
101.12,100.00,1,0.005000,0.000400,0.000500,672,2022-07-06 15:16:26.130945
101.12,100.00,1,0.005000,0.000400,0.000500,672,2022-07-06 15:16:27.131003
101.12,100.00,1,0.005000,0.000400,0.000500,672,2022-07-06 15:16:28.133060
101.12,100.00,1,0.005000,0.000400,0.000500,672,2022-07-06 15:16:29.131117
101.12,100.00,1,0.005000,0.000400,0.000500,672,2022-07-06 15:16:30.131174
101.12,100.00,1,0.005000,0.000400,0.000500,672,2022-07-06 15:16:31.131231
101.12,100.00,1,0.005000,0.000400,0.000500,672,2022-07-06 15:16:32.131289
101.12,100.00,1,0.005000,0.000400,0.000500,672,2022-07-06 15:16:33.131346
101.12,100.00,1,0.005000,0.000400,0.000500,672,2022-07-06 15:16:34.176406
101.12,100.00,1,0.005000,0.000400,0.000500,672,2022-07-06 15:16:35.131460
101.12,100.00,1,0.005000,0.000400,0.000500,672,2022-07-06 15:16:36.130517
101.12,100.00,1,0.005000,0.000400,0.000500,672,2022-07-06 15:16:37.131575
101.12,100.00,1,0.005000,0.000400,0.000500,672,2022-07-06 15:16:38.130632
101.12,100.00,1,0.005000,0.000400,0.000500,672,2022-07-06 15:16:39.130689
101.12,100.00,1,0.005000,0.000400,0.000500,672,2022-07-06 15:16:40.130746
101.12,100.00,1,0.005000,0.000400,0.000500,672,2022-07-06 15:16:41.130803
101.12,100.00,1,0.005000,0.000400,0.000500,672,2022-07-06 15:16:42.130861
101.12,100.00,1,0.005000,0.000400,0.000500,672,2022-07-06 15:16:43.130918
101.12,100.00,1,0.005000,0.000400,0.000500,672,2022-07-06 15:16:44.130975
101.12,100.00,1,0.005000,0.000400,0.000500,672,2022-07-06 15:16:45.131032
101.12,100.00,1,0.005000,0.000400,0.000500,676,2022-07-06 15:16:46.131089
101.12,100.00,1,0.005000,0.000400,0.000500,676,2022-07-06 15:16:47.131147
101.12,100.00,1,0.005000,0.000400,0.000500,676,2022-07-06 15:16:48.131204
101.12,100.00,1,0.005000,0.000400,0.000500,676,2022-07-06 15:16:49.131261
101.12,100.00,1,0.005000,0.000400,0.000500,676,2022-07-06 15:16:50.130318
101.12,100.00,1,0.005000,0.000400,0.000500,676,2022-07-06 15:16:51.130375
101.12,100.00,1,0.005000,0.000400,0.000500,676,2022-07-06 15:16:52.130433
101.12,100.00,1,0.005000,0.000400,0.000500,676,2022-07-06 15:16:53.133490
101.12,100.00,1,0.005000,0.000400,0.000500,676,2022-07-06 15:16:54.130547
101.12,100.00,1,0.005000,0.000400,0.000500,676,2022-07-06 15:16:55.130604
101.12,100.00,1,0.005000,0.000400,0.000500,676,2022-07-06 15:16:56.132661
101.12,100.00,1,0.005000,0.000400,0.000500,676,2022-07-06 15:16:57.130719
101.12,100.00,1,0.005000,0.000400,0.000500,676,2022-07-06 15:16:58.132776
101.12,100.00,1,0.005000,0.000400,0.000500,676,2022-07-06 15:16:59.130833
101.12,100.00,1,0.005000,0.000400,0.000500,676,2022-07-06 15:17:00.130890
101.12,100.00,1,0.005000,0.000400,0.000500,676,2022-07-06 15:17:01.130947
101.12,100.00,1,0.005000,0.000400,0.000500,676,2022-07-06 15:17:02.131005
101.12,100.00,1,0.005000,0.000400,0.000500,676,2022-07-06 15:17:03.131062
101.12,100.00,1,0.005000,0.000400,0.000500,676,2022-07-06 15:17:04.133119
101.12,100.00,1,0.005000,0.000400,0.000500,676,2022-07-06 15:17:05.131176
101.12,100.00,1,0.005000,0.000400,0.000500,676,2022-07-06 15:17:06.130233
101.12,100.00,1,0.005000,0.000400,0.000500,676,2022-07-06 15:17:07.130291
101.12,100.00,1,0.005000,0.000400,0.000500,679,2022-07-06 15:17:08.130348
101.12,100.00,1,0.005000,0.000400,0.000500,679,2022-07-06 15:17:09.130405
101.12,100.00,1,0.005000,0.000400,0.000500,679,2022-07-06 15:17:10.130462
101.12,100.00,1,0.005000,0.000400,0.000500,679,2022-07-06 15:17:11.130519
101.12,100.00,1,0.005000,0.000400,0.000500,679,2022-07-06 15:17:12.130577
101.12,100.00,1,0.005000,0.000400,0.000500,679,2022-07-06 15:17:13.130634
101.12,100.00,1,0.005000,0.000400,0.000500,679,2022-07-06 15:17:14.130691
101.12,100.00,1,0.005000,0.000400,0.000500,679,2022-07-06 15:17:15.135748
101.12,100.00,1,0.005000,0.000400,0.000500,679,2022-07-06 15:17:16.130805
101.12,100.00,1,0.005000,0.000400,0.000500,679,2022-07-06 15:17:17.130863
101.12,100.00,1,0.005000,0.000400,0.000500,679,2022-07-06 15:17:18.129920
101.12,100.00,1,0.005000,0.000400,0.000500,679,2022-07-06 15:17:19.129977
101.12,100.00,1,0.005000,0.000400,0.000500,679,2022-07-06 15:17:20.130034
101.12,100.00,1,0.005000,0.000400,0.000500,679,2022-07-06 15:17:21.130091
101.12,100.00,1,0.005000,0.000400,0.000500,679,2022-07-06 15:17:22.130148
101.12,100.00,1,0.005000,0.000400,0.000500,679,2022-07-06 15:17:23.130206
101.12,100.00,1,0.005000,0.000400,0.000500,679,2022-07-06 15:17:24.130263
101.12,100.00,1,0.005000,0.000400,0.000500,679,2022-07-06 15:17:25.130320
101.12,100.00,1,0.005000,0.000400,0.000500,679,2022-07-06 15:17:26.130377
101.12,100.00,1,0.005000,0.000400,0.000500,679,2022-07-06 15:17:27.130434
101.12,100.00,1,0.005000,0.000400,0.000500,679,2022-07-06 15:17:28.132492
101.12,100.00,1,0.005000,0.000400,0.000500,679,2022-07-06 15:17:29.130549
101.12,100.00,1,0.005000,0.000400,0.000500,679,2022-07-06 15:17:30.130606
101.12,100.00,1,0.005000,0.000400,0.000500,682,2022-07-06 15:17:31.130663
101.12,100.00,1,0.005000,0.000400,0.000500,682,2022-07-06 15:17:32.133721
101.12,100.00,1,0.005000,0.000400,0.000500,682,2022-07-06 15:17:33.130778
101.12,100.00,1,0.005000,0.000400,0.000500,682,2022-07-06 15:17:34.130835
101.12,100.00,1,0.005000,0.000400,0.000500,682,2022-07-06 15:17:35.129892
101.12,100.00,1,0.005000,0.000400,0.000500,682,2022-07-06 15:17:36.129949
101.12,100.00,1,0.005000,0.000400,0.000500,682,2022-07-06 15:17:37.130006
101.12,100.00,1,0.005000,0.000400,0.000500,682,2022-07-06 15:17:38.130064
101.12,100.00,1,0.005000,0.000400,0.000500,682,2022-07-06 15:17:39.133121
101.12,100.00,1,0.005000,0.000400,0.000500,682,2022-07-06 15:17:40.130178
101.12,100.00,1,0.005000,0.000400,0.000500,682,2022-07-06 15:17:41.130235
